Timing Analyzer report for uart_5
Fri Aug 22 03:33:13 2025
Quartus Prime Version 21.1.0 Build 842 10/21/2021 SJ Lite Edition


---------------------
; Table of Contents ;
---------------------
  1. Legal Notice
  2. Timing Analyzer Summary
  3. Parallel Compilation
  4. Clocks
  5. Slow 1200mV 85C Model Fmax Summary
  6. Timing Closure Recommendations
  7. Slow 1200mV 85C Model Setup Summary
  8. Slow 1200mV 85C Model Hold Summary
  9. Slow 1200mV 85C Model Recovery Summary
 10. Slow 1200mV 85C Model Removal Summary
 11. Slow 1200mV 85C Model Minimum Pulse Width Summary
 12. Slow 1200mV 85C Model Setup: 'clk'
 13. Slow 1200mV 85C Model Setup: 'fast_clk'
 14. Slow 1200mV 85C Model Hold: 'clk'
 15. Slow 1200mV 85C Model Hold: 'fast_clk'
 16. Slow 1200mV 85C Model Metastability Summary
 17. Slow 1200mV 0C Model Fmax Summary
 18. Slow 1200mV 0C Model Setup Summary
 19. Slow 1200mV 0C Model Hold Summary
 20. Slow 1200mV 0C Model Recovery Summary
 21. Slow 1200mV 0C Model Removal Summary
 22. Slow 1200mV 0C Model Minimum Pulse Width Summary
 23. Slow 1200mV 0C Model Setup: 'clk'
 24. Slow 1200mV 0C Model Setup: 'fast_clk'
 25. Slow 1200mV 0C Model Hold: 'clk'
 26. Slow 1200mV 0C Model Hold: 'fast_clk'
 27. Slow 1200mV 0C Model Metastability Summary
 28. Fast 1200mV 0C Model Setup Summary
 29. Fast 1200mV 0C Model Hold Summary
 30. Fast 1200mV 0C Model Recovery Summary
 31. Fast 1200mV 0C Model Removal Summary
 32. Fast 1200mV 0C Model Minimum Pulse Width Summary
 33. Fast 1200mV 0C Model Setup: 'clk'
 34. Fast 1200mV 0C Model Setup: 'fast_clk'
 35. Fast 1200mV 0C Model Hold: 'clk'
 36. Fast 1200mV 0C Model Hold: 'fast_clk'
 37. Fast 1200mV 0C Model Metastability Summary
 38. Multicorner Timing Analysis Summary
 39. Board Trace Model Assignments
 40. Input Transition Times
 41. Signal Integrity Metrics (Slow 1200mv 0c Model)
 42. Signal Integrity Metrics (Slow 1200mv 85c Model)
 43. Signal Integrity Metrics (Fast 1200mv 0c Model)
 44. Setup Transfers
 45. Hold Transfers
 46. Report TCCS
 47. Report RSKM
 48. Unconstrained Paths Summary
 49. Clock Status Summary
 50. Unconstrained Input Ports
 51. Unconstrained Output Ports
 52. Unconstrained Input Ports
 53. Unconstrained Output Ports
 54. Timing Analyzer Messages



----------------
; Legal Notice ;
----------------
Copyright (C) 2021  Intel Corporation. All rights reserved.
Your use of Intel Corporation's design tools, logic functions 
and other software and tools, and any partner logic 
functions, and any output files from any of the foregoing 
(including device programming or simulation files), and any 
associated documentation or information are expressly subject 
to the terms and conditions of the Intel Program License 
Subscription Agreement, the Intel Quartus Prime License Agreement,
the Intel FPGA IP License Agreement, or other applicable license
agreement, including, without limitation, that your use is for
the sole purpose of programming logic devices manufactured by
Intel and sold by Intel or its authorized distributors.  Please
refer to the applicable agreement for further details, at
https://fpgasoftware.intel.com/eula.



+-----------------------------------------------------------------------------+
; Timing Analyzer Summary                                                     ;
+-----------------------+-----------------------------------------------------+
; Quartus Prime Version ; Version 21.1.0 Build 842 10/21/2021 SJ Lite Edition ;
; Timing Analyzer       ; Timing Analyzer                                     ;
; Revision Name         ; uart_5                                              ;
; Device Family         ; Cyclone 10 LP                                       ;
; Device Name           ; 10CL025YU256C8G                                     ;
; Timing Models         ; Final                                               ;
; Delay Model           ; Combined                                            ;
; Rise/Fall Delays      ; Enabled                                             ;
+-----------------------+-----------------------------------------------------+


+------------------------------------------+
; Parallel Compilation                     ;
+----------------------------+-------------+
; Processors                 ; Number      ;
+----------------------------+-------------+
; Number detected on machine ; 32          ;
; Maximum allowed            ; 16          ;
;                            ;             ;
; Average used               ; 1.28        ;
; Maximum used               ; 16          ;
;                            ;             ;
; Usage by Processor         ; % Time Used ;
;     Processor 1            ; 100.0%      ;
;     Processors 2-16        ;   1.9%      ;
+----------------------------+-------------+


+--------------------------------------------------------------------------------------------------------------------------------------------------------------------------------------+
; Clocks                                                                                                                                                                               ;
+------------+------+--------+------------+-------+-------+------------+-----------+-------------+-------+--------+-----------+------------+----------+--------+--------+--------------+
; Clock Name ; Type ; Period ; Frequency  ; Rise  ; Fall  ; Duty Cycle ; Divide by ; Multiply by ; Phase ; Offset ; Edge List ; Edge Shift ; Inverted ; Master ; Source ; Targets      ;
+------------+------+--------+------------+-------+-------+------------+-----------+-------------+-------+--------+-----------+------------+----------+--------+--------+--------------+
; clk        ; Base ; 1.000  ; 1000.0 MHz ; 0.000 ; 0.500 ;            ;           ;             ;       ;        ;           ;            ;          ;        ;        ; { clk }      ;
; fast_clk   ; Base ; 1.000  ; 1000.0 MHz ; 0.000 ; 0.500 ;            ;           ;             ;       ;        ;           ;            ;          ;        ;        ; { fast_clk } ;
+------------+------+--------+------------+-------+-------+------------+-----------+-------------+-------+--------+-----------+------------+----------+--------+--------+--------------+


+--------------------------------------------------+
; Slow 1200mV 85C Model Fmax Summary               ;
+------------+-----------------+------------+------+
; Fmax       ; Restricted Fmax ; Clock Name ; Note ;
+------------+-----------------+------------+------+
; 215.38 MHz ; 215.38 MHz      ; clk        ;      ;
; 241.43 MHz ; 241.43 MHz      ; fast_clk   ;      ;
+------------+-----------------+------------+------+
This panel reports FMAX for every clock in the design, regardless of the user-specified clock periods.  FMAX is only computed for paths where the source and destination registers or ports are driven by the same clock.  Paths of different clocks, including generated clocks, are ignored.  For paths between a clock and its inversion, FMAX is computed as if the rising and falling edges are scaled along with FMAX, such that the duty cycle (in terms of a percentage) is maintained. Altera recommends that you always use clock constraints and other slack reports for sign-off analysis.


----------------------------------
; Timing Closure Recommendations ;
----------------------------------
HTML report is unavailable in plain text report export.


+-------------------------------------+
; Slow 1200mV 85C Model Setup Summary ;
+----------+--------+-----------------+
; Clock    ; Slack  ; End Point TNS   ;
+----------+--------+-----------------+
; clk      ; -3.643 ; -213.320        ;
; fast_clk ; -3.142 ; -44.823         ;
+----------+--------+-----------------+


+------------------------------------+
; Slow 1200mV 85C Model Hold Summary ;
+----------+-------+-----------------+
; Clock    ; Slack ; End Point TNS   ;
+----------+-------+-----------------+
; clk      ; 0.434 ; 0.000           ;
; fast_clk ; 0.454 ; 0.000           ;
+----------+-------+-----------------+


------------------------------------------
; Slow 1200mV 85C Model Recovery Summary ;
------------------------------------------
No paths to report.


-----------------------------------------
; Slow 1200mV 85C Model Removal Summary ;
-----------------------------------------
No paths to report.


+---------------------------------------------------+
; Slow 1200mV 85C Model Minimum Pulse Width Summary ;
+----------+--------+-------------------------------+
; Clock    ; Slack  ; End Point TNS                 ;
+----------+--------+-------------------------------+
; clk      ; -3.000 ; -142.778                      ;
; fast_clk ; -1.487 ; -35.688                       ;
+----------+--------+-------------------------------+


+--------------------------------------------------------------------------------------------------------------------------------------------------+
; Slow 1200mV 85C Model Setup: 'clk'                                                                                                               ;
+--------+-----------------------------------+-------------------------------+--------------+-------------+--------------+------------+------------+
; Slack  ; From Node                         ; To Node                       ; Launch Clock ; Latch Clock ; Relationship ; Clock Skew ; Data Delay ;
+--------+-----------------------------------+-------------------------------+--------------+-------------+--------------+------------+------------+
; -3.643 ; fast_counter[6]                   ; fast_clk                      ; clk          ; clk         ; 1.000        ; -0.080     ; 4.564      ;
; -3.594 ; fast_counter[11]                  ; fast_clk                      ; clk          ; clk         ; 1.000        ; -0.080     ; 4.515      ;
; -3.539 ; fast_counter[10]                  ; fast_clk                      ; clk          ; clk         ; 1.000        ; -0.080     ; 4.460      ;
; -3.498 ; fast_counter[8]                   ; fast_clk                      ; clk          ; clk         ; 1.000        ; -0.080     ; 4.419      ;
; -3.326 ; fast_counter[4]                   ; fast_clk                      ; clk          ; clk         ; 1.000        ; -0.080     ; 4.247      ;
; -3.243 ; fast_counter[14]                  ; fast_clk                      ; clk          ; clk         ; 1.000        ; -0.080     ; 4.164      ;
; -3.237 ; fast_counter[13]                  ; fast_clk                      ; clk          ; clk         ; 1.000        ; -0.080     ; 4.158      ;
; -3.173 ; fast_counter[15]                  ; fast_clk                      ; clk          ; clk         ; 1.000        ; -0.080     ; 4.094      ;
; -3.127 ; fast_counter[9]                   ; fast_clk                      ; clk          ; clk         ; 1.000        ; -0.080     ; 4.048      ;
; -3.097 ; fast_counter[3]                   ; fast_clk                      ; clk          ; clk         ; 1.000        ; -0.080     ; 4.018      ;
; -3.087 ; bcd_input[2]                      ; registers[1][1]               ; clk          ; clk         ; 1.000        ; -0.080     ; 4.008      ;
; -3.087 ; bcd_input[2]                      ; registers[1][0]               ; clk          ; clk         ; 1.000        ; -0.080     ; 4.008      ;
; -3.087 ; bcd_input[2]                      ; registers[1][3]               ; clk          ; clk         ; 1.000        ; -0.080     ; 4.008      ;
; -3.087 ; bcd_input[2]                      ; registers[1][2]               ; clk          ; clk         ; 1.000        ; -0.080     ; 4.008      ;
; -3.073 ; bcd_input[2]                      ; registers[0][1]               ; clk          ; clk         ; 1.000        ; -0.079     ; 3.995      ;
; -3.073 ; bcd_input[2]                      ; registers[0][2]               ; clk          ; clk         ; 1.000        ; -0.079     ; 3.995      ;
; -3.073 ; bcd_input[2]                      ; registers[0][0]               ; clk          ; clk         ; 1.000        ; -0.079     ; 3.995      ;
; -3.073 ; bcd_input[2]                      ; registers[0][3]               ; clk          ; clk         ; 1.000        ; -0.079     ; 3.995      ;
; -3.048 ; fast_counter[7]                   ; fast_clk                      ; clk          ; clk         ; 1.000        ; -0.080     ; 3.969      ;
; -3.033 ; bcd_input[2]                      ; registers[2][1]               ; clk          ; clk         ; 1.000        ; -0.079     ; 3.955      ;
; -3.033 ; bcd_input[2]                      ; registers[2][2]               ; clk          ; clk         ; 1.000        ; -0.079     ; 3.955      ;
; -3.033 ; bcd_input[2]                      ; registers[2][0]               ; clk          ; clk         ; 1.000        ; -0.079     ; 3.955      ;
; -3.033 ; bcd_input[2]                      ; registers[2][3]               ; clk          ; clk         ; 1.000        ; -0.079     ; 3.955      ;
; -2.987 ; fast_counter[5]                   ; fast_clk                      ; clk          ; clk         ; 1.000        ; -0.080     ; 3.908      ;
; -2.875 ; bcd_input[7]                      ; LED[3][2]                     ; clk          ; clk         ; 1.000        ; -0.080     ; 3.796      ;
; -2.875 ; bcd_input[7]                      ; LED[1][2]                     ; clk          ; clk         ; 1.000        ; -0.080     ; 3.796      ;
; -2.875 ; bcd_input[7]                      ; LED[0][2]                     ; clk          ; clk         ; 1.000        ; -0.080     ; 3.796      ;
; -2.875 ; bcd_input[7]                      ; LED[1][3]                     ; clk          ; clk         ; 1.000        ; -0.080     ; 3.796      ;
; -2.875 ; bcd_input[7]                      ; LED[0][3]                     ; clk          ; clk         ; 1.000        ; -0.080     ; 3.796      ;
; -2.875 ; bcd_input[7]                      ; LED[2][3]                     ; clk          ; clk         ; 1.000        ; -0.080     ; 3.796      ;
; -2.875 ; bcd_input[7]                      ; LED[3][3]                     ; clk          ; clk         ; 1.000        ; -0.080     ; 3.796      ;
; -2.875 ; bcd_input[7]                      ; LED[2][2]                     ; clk          ; clk         ; 1.000        ; -0.080     ; 3.796      ;
; -2.871 ; bcd_input[2]                      ; registers[3][1]               ; clk          ; clk         ; 1.000        ; -0.079     ; 3.793      ;
; -2.871 ; bcd_input[2]                      ; registers[3][2]               ; clk          ; clk         ; 1.000        ; -0.079     ; 3.793      ;
; -2.871 ; bcd_input[2]                      ; registers[3][0]               ; clk          ; clk         ; 1.000        ; -0.079     ; 3.793      ;
; -2.871 ; bcd_input[2]                      ; registers[3][3]               ; clk          ; clk         ; 1.000        ; -0.079     ; 3.793      ;
; -2.840 ; fast_counter[12]                  ; fast_clk                      ; clk          ; clk         ; 1.000        ; -0.080     ; 3.761      ;
; -2.770 ; bcd_input[5]                      ; registers[1][2]               ; clk          ; clk         ; 1.000        ; -0.080     ; 3.691      ;
; -2.770 ; bcd_input[5]                      ; registers[1][1]               ; clk          ; clk         ; 1.000        ; -0.080     ; 3.691      ;
; -2.770 ; bcd_input[5]                      ; registers[1][3]               ; clk          ; clk         ; 1.000        ; -0.080     ; 3.691      ;
; -2.770 ; bcd_input[5]                      ; registers[1][0]               ; clk          ; clk         ; 1.000        ; -0.080     ; 3.691      ;
; -2.767 ; uart_rx:uart_rx_inst|state_reg[0] ; uart_rx:uart_rx_inst|b_reg[0] ; clk          ; clk         ; 1.000        ; -0.581     ; 3.187      ;
; -2.767 ; uart_rx:uart_rx_inst|state_reg[0] ; uart_rx:uart_rx_inst|b_reg[3] ; clk          ; clk         ; 1.000        ; -0.581     ; 3.187      ;
; -2.756 ; bcd_input[5]                      ; registers[0][1]               ; clk          ; clk         ; 1.000        ; -0.079     ; 3.678      ;
; -2.756 ; bcd_input[5]                      ; registers[0][0]               ; clk          ; clk         ; 1.000        ; -0.079     ; 3.678      ;
; -2.756 ; bcd_input[5]                      ; registers[0][3]               ; clk          ; clk         ; 1.000        ; -0.079     ; 3.678      ;
; -2.756 ; bcd_input[5]                      ; registers[0][2]               ; clk          ; clk         ; 1.000        ; -0.079     ; 3.678      ;
; -2.751 ; bcd_input[3]                      ; registers[1][2]               ; clk          ; clk         ; 1.000        ; -0.080     ; 3.672      ;
; -2.751 ; bcd_input[3]                      ; registers[1][1]               ; clk          ; clk         ; 1.000        ; -0.080     ; 3.672      ;
; -2.751 ; bcd_input[3]                      ; registers[1][0]               ; clk          ; clk         ; 1.000        ; -0.080     ; 3.672      ;
; -2.751 ; bcd_input[3]                      ; registers[1][3]               ; clk          ; clk         ; 1.000        ; -0.080     ; 3.672      ;
; -2.737 ; bcd_input[3]                      ; registers[0][2]               ; clk          ; clk         ; 1.000        ; -0.079     ; 3.659      ;
; -2.737 ; bcd_input[3]                      ; registers[0][1]               ; clk          ; clk         ; 1.000        ; -0.079     ; 3.659      ;
; -2.737 ; bcd_input[3]                      ; registers[0][0]               ; clk          ; clk         ; 1.000        ; -0.079     ; 3.659      ;
; -2.737 ; bcd_input[3]                      ; registers[0][3]               ; clk          ; clk         ; 1.000        ; -0.079     ; 3.659      ;
; -2.716 ; bcd_input[5]                      ; registers[2][1]               ; clk          ; clk         ; 1.000        ; -0.079     ; 3.638      ;
; -2.716 ; bcd_input[5]                      ; registers[2][2]               ; clk          ; clk         ; 1.000        ; -0.079     ; 3.638      ;
; -2.716 ; bcd_input[5]                      ; registers[2][0]               ; clk          ; clk         ; 1.000        ; -0.079     ; 3.638      ;
; -2.716 ; bcd_input[5]                      ; registers[2][3]               ; clk          ; clk         ; 1.000        ; -0.079     ; 3.638      ;
; -2.714 ; bcd_input[2]                      ; digit_pos[0]                  ; clk          ; clk         ; 1.000        ; 0.395      ; 4.110      ;
; -2.714 ; bcd_input[2]                      ; digit_pos[1]                  ; clk          ; clk         ; 1.000        ; 0.395      ; 4.110      ;
; -2.697 ; bcd_input[3]                      ; registers[2][1]               ; clk          ; clk         ; 1.000        ; -0.079     ; 3.619      ;
; -2.697 ; bcd_input[3]                      ; registers[2][2]               ; clk          ; clk         ; 1.000        ; -0.079     ; 3.619      ;
; -2.697 ; bcd_input[3]                      ; registers[2][0]               ; clk          ; clk         ; 1.000        ; -0.079     ; 3.619      ;
; -2.697 ; bcd_input[3]                      ; registers[2][3]               ; clk          ; clk         ; 1.000        ; -0.079     ; 3.619      ;
; -2.696 ; bcd_input[7]                      ; registers[1][1]               ; clk          ; clk         ; 1.000        ; -0.080     ; 3.617      ;
; -2.696 ; bcd_input[7]                      ; registers[1][0]               ; clk          ; clk         ; 1.000        ; -0.080     ; 3.617      ;
; -2.696 ; bcd_input[7]                      ; registers[1][2]               ; clk          ; clk         ; 1.000        ; -0.080     ; 3.617      ;
; -2.696 ; bcd_input[7]                      ; registers[1][3]               ; clk          ; clk         ; 1.000        ; -0.080     ; 3.617      ;
; -2.682 ; bcd_input[7]                      ; registers[0][1]               ; clk          ; clk         ; 1.000        ; -0.079     ; 3.604      ;
; -2.682 ; bcd_input[7]                      ; registers[0][2]               ; clk          ; clk         ; 1.000        ; -0.079     ; 3.604      ;
; -2.682 ; bcd_input[7]                      ; registers[0][0]               ; clk          ; clk         ; 1.000        ; -0.079     ; 3.604      ;
; -2.682 ; bcd_input[7]                      ; registers[0][3]               ; clk          ; clk         ; 1.000        ; -0.079     ; 3.604      ;
; -2.652 ; bcd_input[1]                      ; LED[3][2]                     ; clk          ; clk         ; 1.000        ; -0.080     ; 3.573      ;
; -2.652 ; bcd_input[1]                      ; LED[1][2]                     ; clk          ; clk         ; 1.000        ; -0.080     ; 3.573      ;
; -2.652 ; bcd_input[1]                      ; LED[3][3]                     ; clk          ; clk         ; 1.000        ; -0.080     ; 3.573      ;
; -2.652 ; bcd_input[1]                      ; LED[2][2]                     ; clk          ; clk         ; 1.000        ; -0.080     ; 3.573      ;
; -2.652 ; bcd_input[1]                      ; LED[0][3]                     ; clk          ; clk         ; 1.000        ; -0.080     ; 3.573      ;
; -2.652 ; bcd_input[1]                      ; LED[2][3]                     ; clk          ; clk         ; 1.000        ; -0.080     ; 3.573      ;
; -2.652 ; bcd_input[1]                      ; LED[0][2]                     ; clk          ; clk         ; 1.000        ; -0.080     ; 3.573      ;
; -2.652 ; bcd_input[1]                      ; LED[1][3]                     ; clk          ; clk         ; 1.000        ; -0.080     ; 3.573      ;
; -2.642 ; bcd_input[7]                      ; registers[2][1]               ; clk          ; clk         ; 1.000        ; -0.079     ; 3.564      ;
; -2.642 ; bcd_input[7]                      ; registers[2][2]               ; clk          ; clk         ; 1.000        ; -0.079     ; 3.564      ;
; -2.642 ; bcd_input[7]                      ; registers[2][0]               ; clk          ; clk         ; 1.000        ; -0.079     ; 3.564      ;
; -2.642 ; bcd_input[7]                      ; registers[2][3]               ; clk          ; clk         ; 1.000        ; -0.079     ; 3.564      ;
; -2.595 ; bcd_input[7]                      ; LED[0][0]                     ; clk          ; clk         ; 1.000        ; -0.080     ; 3.516      ;
; -2.595 ; bcd_input[7]                      ; LED[2][1]                     ; clk          ; clk         ; 1.000        ; -0.080     ; 3.516      ;
; -2.595 ; bcd_input[7]                      ; LED[0][1]                     ; clk          ; clk         ; 1.000        ; -0.080     ; 3.516      ;
; -2.595 ; bcd_input[7]                      ; LED[1][1]                     ; clk          ; clk         ; 1.000        ; -0.080     ; 3.516      ;
; -2.595 ; bcd_input[7]                      ; LED[1][0]                     ; clk          ; clk         ; 1.000        ; -0.080     ; 3.516      ;
; -2.595 ; bcd_input[7]                      ; LED[3][1]                     ; clk          ; clk         ; 1.000        ; -0.080     ; 3.516      ;
; -2.595 ; bcd_input[7]                      ; LED[2][0]                     ; clk          ; clk         ; 1.000        ; -0.080     ; 3.516      ;
; -2.595 ; bcd_input[7]                      ; LED[3][0]                     ; clk          ; clk         ; 1.000        ; -0.080     ; 3.516      ;
; -2.555 ; uart_rx:uart_rx_inst|state_reg[1] ; uart_rx:uart_rx_inst|b_reg[3] ; clk          ; clk         ; 1.000        ; -0.581     ; 2.975      ;
; -2.555 ; uart_rx:uart_rx_inst|state_reg[1] ; uart_rx:uart_rx_inst|b_reg[0] ; clk          ; clk         ; 1.000        ; -0.581     ; 2.975      ;
; -2.545 ; bcd_input[2]                      ; LED[1][3]                     ; clk          ; clk         ; 1.000        ; -0.080     ; 3.466      ;
; -2.545 ; bcd_input[2]                      ; LED[0][2]                     ; clk          ; clk         ; 1.000        ; -0.080     ; 3.466      ;
; -2.545 ; bcd_input[2]                      ; LED[2][3]                     ; clk          ; clk         ; 1.000        ; -0.080     ; 3.466      ;
; -2.545 ; bcd_input[2]                      ; LED[0][3]                     ; clk          ; clk         ; 1.000        ; -0.080     ; 3.466      ;
; -2.545 ; bcd_input[2]                      ; LED[3][3]                     ; clk          ; clk         ; 1.000        ; -0.080     ; 3.466      ;
+--------+-----------------------------------+-------------------------------+--------------+-------------+--------------+------------+------------+


+----------------------------------------------------------------------------------------------------------------------------------------+
; Slow 1200mV 85C Model Setup: 'fast_clk'                                                                                                ;
+--------+----------------------------+----------------------------+--------------+-------------+--------------+------------+------------+
; Slack  ; From Node                  ; To Node                    ; Launch Clock ; Latch Clock ; Relationship ; Clock Skew ; Data Delay ;
+--------+----------------------------+----------------------------+--------------+-------------+--------------+------------+------------+
; -3.142 ; digit_index[1]             ; shift_data[5]              ; fast_clk     ; fast_clk    ; 1.000        ; -0.080     ; 4.063      ;
; -3.110 ; digit_index[0]             ; shift_data[5]              ; fast_clk     ; fast_clk    ; 1.000        ; -0.080     ; 4.031      ;
; -3.092 ; digit_index[0]             ; shift_data[6]              ; fast_clk     ; fast_clk    ; 1.000        ; -0.080     ; 4.013      ;
; -3.077 ; digit_index[1]             ; shift_data[4]              ; fast_clk     ; fast_clk    ; 1.000        ; -0.080     ; 3.998      ;
; -3.071 ; digit_index[0]             ; shift_data[0]              ; fast_clk     ; fast_clk    ; 1.000        ; -0.080     ; 3.992      ;
; -3.061 ; digit_index[0]             ; shift_data[1]              ; fast_clk     ; fast_clk    ; 1.000        ; -0.080     ; 3.982      ;
; -3.045 ; digit_index[0]             ; shift_data[4]              ; fast_clk     ; fast_clk    ; 1.000        ; -0.080     ; 3.966      ;
; -3.034 ; digit_index[0]             ; shift_data[2]              ; fast_clk     ; fast_clk    ; 1.000        ; -0.080     ; 3.955      ;
; -3.020 ; digit_index[1]             ; shift_data[3]              ; fast_clk     ; fast_clk    ; 1.000        ; -0.080     ; 3.941      ;
; -2.988 ; digit_index[0]             ; shift_data[3]              ; fast_clk     ; fast_clk    ; 1.000        ; -0.080     ; 3.909      ;
; -2.956 ; digit_index[1]             ; shift_data[6]              ; fast_clk     ; fast_clk    ; 1.000        ; -0.080     ; 3.877      ;
; -2.930 ; digit_index[1]             ; shift_data[0]              ; fast_clk     ; fast_clk    ; 1.000        ; -0.080     ; 3.851      ;
; -2.918 ; digit_index[1]             ; shift_data[1]              ; fast_clk     ; fast_clk    ; 1.000        ; -0.080     ; 3.839      ;
; -2.912 ; digit_index[1]             ; shift_data[2]              ; fast_clk     ; fast_clk    ; 1.000        ; -0.080     ; 3.833      ;
; -2.445 ; current_state.SEND_SEGMENT ; shift_data[6]              ; fast_clk     ; fast_clk    ; 1.000        ; -0.081     ; 3.365      ;
; -2.445 ; current_state.SEND_SEGMENT ; shift_data[1]              ; fast_clk     ; fast_clk    ; 1.000        ; -0.081     ; 3.365      ;
; -2.445 ; current_state.SEND_SEGMENT ; shift_data[2]              ; fast_clk     ; fast_clk    ; 1.000        ; -0.081     ; 3.365      ;
; -2.443 ; current_state.SEND_SEGMENT ; shift_data[4]              ; fast_clk     ; fast_clk    ; 1.000        ; -0.081     ; 3.363      ;
; -2.443 ; current_state.SEND_SEGMENT ; shift_data[5]              ; fast_clk     ; fast_clk    ; 1.000        ; -0.081     ; 3.363      ;
; -2.443 ; current_state.SEND_SEGMENT ; shift_data[3]              ; fast_clk     ; fast_clk    ; 1.000        ; -0.081     ; 3.363      ;
; -2.422 ; bit_cnt[3]                 ; shift_data[6]              ; fast_clk     ; fast_clk    ; 1.000        ; -0.081     ; 3.342      ;
; -2.422 ; bit_cnt[3]                 ; shift_data[1]              ; fast_clk     ; fast_clk    ; 1.000        ; -0.081     ; 3.342      ;
; -2.422 ; bit_cnt[3]                 ; shift_data[2]              ; fast_clk     ; fast_clk    ; 1.000        ; -0.081     ; 3.342      ;
; -2.420 ; bit_cnt[3]                 ; shift_data[3]              ; fast_clk     ; fast_clk    ; 1.000        ; -0.081     ; 3.340      ;
; -2.420 ; bit_cnt[3]                 ; shift_data[4]              ; fast_clk     ; fast_clk    ; 1.000        ; -0.081     ; 3.340      ;
; -2.420 ; bit_cnt[3]                 ; shift_data[5]              ; fast_clk     ; fast_clk    ; 1.000        ; -0.081     ; 3.340      ;
; -2.240 ; current_state.IDLE         ; shift_data[1]              ; fast_clk     ; fast_clk    ; 1.000        ; -0.080     ; 3.161      ;
; -2.196 ; current_state.IDLE         ; shift_data[2]              ; fast_clk     ; fast_clk    ; 1.000        ; -0.080     ; 3.117      ;
; -2.188 ; delay_cnt[1]               ; shift_data[6]              ; fast_clk     ; fast_clk    ; 1.000        ; -0.081     ; 3.108      ;
; -2.188 ; delay_cnt[1]               ; shift_data[2]              ; fast_clk     ; fast_clk    ; 1.000        ; -0.081     ; 3.108      ;
; -2.188 ; delay_cnt[1]               ; shift_data[1]              ; fast_clk     ; fast_clk    ; 1.000        ; -0.081     ; 3.108      ;
; -2.186 ; delay_cnt[1]               ; shift_data[3]              ; fast_clk     ; fast_clk    ; 1.000        ; -0.081     ; 3.106      ;
; -2.186 ; delay_cnt[1]               ; shift_data[5]              ; fast_clk     ; fast_clk    ; 1.000        ; -0.081     ; 3.106      ;
; -2.186 ; delay_cnt[1]               ; shift_data[4]              ; fast_clk     ; fast_clk    ; 1.000        ; -0.081     ; 3.106      ;
; -2.151 ; delay_cnt[2]               ; shift_data[2]              ; fast_clk     ; fast_clk    ; 1.000        ; -0.081     ; 3.071      ;
; -2.151 ; delay_cnt[2]               ; shift_data[6]              ; fast_clk     ; fast_clk    ; 1.000        ; -0.081     ; 3.071      ;
; -2.151 ; delay_cnt[2]               ; shift_data[1]              ; fast_clk     ; fast_clk    ; 1.000        ; -0.081     ; 3.071      ;
; -2.149 ; delay_cnt[2]               ; shift_data[5]              ; fast_clk     ; fast_clk    ; 1.000        ; -0.081     ; 3.069      ;
; -2.149 ; delay_cnt[2]               ; shift_data[4]              ; fast_clk     ; fast_clk    ; 1.000        ; -0.081     ; 3.069      ;
; -2.149 ; delay_cnt[2]               ; shift_data[3]              ; fast_clk     ; fast_clk    ; 1.000        ; -0.081     ; 3.069      ;
; -2.111 ; bit_cnt[3]                 ; bit_cnt[0]                 ; fast_clk     ; fast_clk    ; 1.000        ; -0.079     ; 3.033      ;
; -2.111 ; bit_cnt[3]                 ; bit_cnt[1]                 ; fast_clk     ; fast_clk    ; 1.000        ; -0.079     ; 3.033      ;
; -2.111 ; bit_cnt[3]                 ; bit_cnt[2]                 ; fast_clk     ; fast_clk    ; 1.000        ; -0.079     ; 3.033      ;
; -2.098 ; current_state.SEND_DIGIT   ; shift_data[2]              ; fast_clk     ; fast_clk    ; 1.000        ; -0.081     ; 3.018      ;
; -2.098 ; current_state.SEND_DIGIT   ; shift_data[6]              ; fast_clk     ; fast_clk    ; 1.000        ; -0.081     ; 3.018      ;
; -2.098 ; current_state.SEND_DIGIT   ; shift_data[1]              ; fast_clk     ; fast_clk    ; 1.000        ; -0.081     ; 3.018      ;
; -2.096 ; current_state.SEND_DIGIT   ; shift_data[4]              ; fast_clk     ; fast_clk    ; 1.000        ; -0.081     ; 3.016      ;
; -2.096 ; current_state.SEND_DIGIT   ; shift_data[5]              ; fast_clk     ; fast_clk    ; 1.000        ; -0.081     ; 3.016      ;
; -2.096 ; current_state.SEND_DIGIT   ; shift_data[3]              ; fast_clk     ; fast_clk    ; 1.000        ; -0.081     ; 3.016      ;
; -2.077 ; delay_cnt[2]               ; bit_cnt[2]                 ; fast_clk     ; fast_clk    ; 1.000        ; -0.079     ; 2.999      ;
; -2.077 ; delay_cnt[2]               ; bit_cnt[1]                 ; fast_clk     ; fast_clk    ; 1.000        ; -0.079     ; 2.999      ;
; -2.077 ; delay_cnt[2]               ; bit_cnt[0]                 ; fast_clk     ; fast_clk    ; 1.000        ; -0.079     ; 2.999      ;
; -2.036 ; current_state.IDLE         ; shift_data[3]              ; fast_clk     ; fast_clk    ; 1.000        ; -0.080     ; 2.957      ;
; -2.029 ; bit_cnt[3]                 ; shift_data[7]              ; fast_clk     ; fast_clk    ; 1.000        ; -0.080     ; 2.950      ;
; -2.006 ; current_state.SEND_SEGMENT ; bit_cnt[1]                 ; fast_clk     ; fast_clk    ; 1.000        ; -0.079     ; 2.928      ;
; -2.006 ; current_state.SEND_SEGMENT ; bit_cnt[0]                 ; fast_clk     ; fast_clk    ; 1.000        ; -0.079     ; 2.928      ;
; -2.006 ; current_state.SEND_SEGMENT ; bit_cnt[2]                 ; fast_clk     ; fast_clk    ; 1.000        ; -0.079     ; 2.928      ;
; -2.006 ; bit_cnt[3]                 ; shift_data[0]              ; fast_clk     ; fast_clk    ; 1.000        ; -0.081     ; 2.926      ;
; -2.005 ; LED[2][1]                  ; shift_data[5]              ; clk          ; fast_clk    ; 1.000        ; 1.015      ; 4.011      ;
; -1.990 ; current_state.SEND_SEGMENT ; shift_data[7]              ; fast_clk     ; fast_clk    ; 1.000        ; -0.080     ; 2.911      ;
; -1.982 ; delay_cnt[1]               ; bit_cnt[1]                 ; fast_clk     ; fast_clk    ; 1.000        ; -0.079     ; 2.904      ;
; -1.982 ; delay_cnt[1]               ; bit_cnt[0]                 ; fast_clk     ; fast_clk    ; 1.000        ; -0.079     ; 2.904      ;
; -1.982 ; delay_cnt[1]               ; bit_cnt[2]                 ; fast_clk     ; fast_clk    ; 1.000        ; -0.079     ; 2.904      ;
; -1.937 ; current_state.SEND_DIGIT   ; bit_cnt[2]                 ; fast_clk     ; fast_clk    ; 1.000        ; -0.079     ; 2.859      ;
; -1.937 ; current_state.SEND_DIGIT   ; bit_cnt[1]                 ; fast_clk     ; fast_clk    ; 1.000        ; -0.079     ; 2.859      ;
; -1.937 ; current_state.SEND_DIGIT   ; bit_cnt[0]                 ; fast_clk     ; fast_clk    ; 1.000        ; -0.079     ; 2.859      ;
; -1.881 ; LED[2][1]                  ; shift_data[3]              ; clk          ; fast_clk    ; 1.000        ; 1.015      ; 3.887      ;
; -1.879 ; LED[2][0]                  ; shift_data[5]              ; clk          ; fast_clk    ; 1.000        ; 1.015      ; 3.885      ;
; -1.879 ; current_state.LATCH        ; shift_data[6]              ; fast_clk     ; fast_clk    ; 1.000        ; -0.081     ; 2.799      ;
; -1.879 ; current_state.LATCH        ; shift_data[2]              ; fast_clk     ; fast_clk    ; 1.000        ; -0.081     ; 2.799      ;
; -1.879 ; current_state.LATCH        ; shift_data[1]              ; fast_clk     ; fast_clk    ; 1.000        ; -0.081     ; 2.799      ;
; -1.877 ; current_state.LATCH        ; shift_data[5]              ; fast_clk     ; fast_clk    ; 1.000        ; -0.081     ; 2.797      ;
; -1.877 ; current_state.LATCH        ; shift_data[4]              ; fast_clk     ; fast_clk    ; 1.000        ; -0.081     ; 2.797      ;
; -1.877 ; current_state.LATCH        ; shift_data[3]              ; fast_clk     ; fast_clk    ; 1.000        ; -0.081     ; 2.797      ;
; -1.870 ; current_state.SEND_SEGMENT ; shift_data[0]              ; fast_clk     ; fast_clk    ; 1.000        ; -0.081     ; 2.790      ;
; -1.851 ; LED[2][1]                  ; shift_data[6]              ; clk          ; fast_clk    ; 1.000        ; 1.015      ; 3.857      ;
; -1.825 ; LED[2][1]                  ; shift_data[0]              ; clk          ; fast_clk    ; 1.000        ; 1.015      ; 3.831      ;
; -1.814 ; LED[2][0]                  ; shift_data[4]              ; clk          ; fast_clk    ; 1.000        ; 1.015      ; 3.820      ;
; -1.809 ; LED[2][1]                  ; shift_data[1]              ; clk          ; fast_clk    ; 1.000        ; 1.015      ; 3.815      ;
; -1.807 ; LED[2][1]                  ; shift_data[2]              ; clk          ; fast_clk    ; 1.000        ; 1.015      ; 3.813      ;
; -1.802 ; current_state.SEND_SEGMENT ; bit_cnt[3]                 ; fast_clk     ; fast_clk    ; 1.000        ; -0.080     ; 2.723      ;
; -1.798 ; delay_cnt[1]               ; shift_data[7]              ; fast_clk     ; fast_clk    ; 1.000        ; -0.080     ; 2.719      ;
; -1.789 ; delay_cnt[1]               ; shift_data[0]              ; fast_clk     ; fast_clk    ; 1.000        ; -0.081     ; 2.709      ;
; -1.757 ; LED[2][0]                  ; shift_data[3]              ; clk          ; fast_clk    ; 1.000        ; 1.015      ; 3.763      ;
; -1.752 ; LED[2][3]                  ; shift_data[6]              ; clk          ; fast_clk    ; 1.000        ; 1.015      ; 3.758      ;
; -1.737 ; delay_cnt[2]               ; shift_data[7]              ; fast_clk     ; fast_clk    ; 1.000        ; -0.080     ; 2.658      ;
; -1.731 ; LED[2][3]                  ; shift_data[0]              ; clk          ; fast_clk    ; 1.000        ; 1.015      ; 3.737      ;
; -1.721 ; LED[2][3]                  ; shift_data[1]              ; clk          ; fast_clk    ; 1.000        ; 1.015      ; 3.727      ;
; -1.712 ; delay_cnt[2]               ; current_state.SEND_SEGMENT ; fast_clk     ; fast_clk    ; 1.000        ; -0.080     ; 2.633      ;
; -1.708 ; delay_cnt[2]               ; shift_data[0]              ; fast_clk     ; fast_clk    ; 1.000        ; -0.081     ; 2.628      ;
; -1.694 ; LED[2][3]                  ; shift_data[2]              ; clk          ; fast_clk    ; 1.000        ; 1.015      ; 3.700      ;
; -1.689 ; LED[1][2]                  ; shift_data[5]              ; clk          ; fast_clk    ; 1.000        ; 1.015      ; 3.695      ;
; -1.665 ; LED[2][0]                  ; shift_data[0]              ; clk          ; fast_clk    ; 1.000        ; 1.015      ; 3.671      ;
; -1.664 ; LED[2][3]                  ; shift_data[5]              ; clk          ; fast_clk    ; 1.000        ; 1.015      ; 3.670      ;
; -1.655 ; LED[2][0]                  ; shift_data[1]              ; clk          ; fast_clk    ; 1.000        ; 1.015      ; 3.661      ;
; -1.652 ; LED[2][0]                  ; shift_data[6]              ; clk          ; fast_clk    ; 1.000        ; 1.015      ; 3.658      ;
; -1.648 ; current_state.IDLE         ; shift_data[5]              ; fast_clk     ; fast_clk    ; 1.000        ; -0.080     ; 2.569      ;
; -1.647 ; LED[2][0]                  ; shift_data[2]              ; clk          ; fast_clk    ; 1.000        ; 1.015      ; 3.653      ;
; -1.646 ; delay_cnt[1]               ; bit_cnt[3]                 ; fast_clk     ; fast_clk    ; 1.000        ; -0.080     ; 2.567      ;
; -1.646 ; shift_data[2]              ; shift_data[3]              ; fast_clk     ; fast_clk    ; 1.000        ; -0.079     ; 2.568      ;
+--------+----------------------------+----------------------------+--------------+-------------+--------------+------------+------------+


+-----------------------------------------------------------------------------------------------------------------------------------------------------+
; Slow 1200mV 85C Model Hold: 'clk'                                                                                                                   ;
+-------+-----------------------------------+-----------------------------------+--------------+-------------+--------------+------------+------------+
; Slack ; From Node                         ; To Node                           ; Launch Clock ; Latch Clock ; Relationship ; Clock Skew ; Data Delay ;
+-------+-----------------------------------+-----------------------------------+--------------+-------------+--------------+------------+------------+
; 0.434 ; digit_pos[1]                      ; digit_pos[1]                      ; clk          ; clk         ; 0.000        ; 0.100      ; 0.746      ;
; 0.435 ; uart_rx:uart_rx_inst|state_reg[1] ; uart_rx:uart_rx_inst|state_reg[1] ; clk          ; clk         ; 0.000        ; 0.099      ; 0.746      ;
; 0.435 ; uart_rx:uart_rx_inst|state_reg[0] ; uart_rx:uart_rx_inst|state_reg[0] ; clk          ; clk         ; 0.000        ; 0.099      ; 0.746      ;
; 0.435 ; uart_rx:uart_rx_inst|n_reg[1]     ; uart_rx:uart_rx_inst|n_reg[1]     ; clk          ; clk         ; 0.000        ; 0.099      ; 0.746      ;
; 0.435 ; uart_rx:uart_rx_inst|n_reg[0]     ; uart_rx:uart_rx_inst|n_reg[0]     ; clk          ; clk         ; 0.000        ; 0.099      ; 0.746      ;
; 0.435 ; uart_rx:uart_rx_inst|n_reg[2]     ; uart_rx:uart_rx_inst|n_reg[2]     ; clk          ; clk         ; 0.000        ; 0.099      ; 0.746      ;
; 0.446 ; digit_pos[0]                      ; digit_pos[0]                      ; clk          ; clk         ; 0.000        ; 0.100      ; 0.758      ;
; 0.454 ; uart_rx:uart_rx_inst|s_reg[0]     ; uart_rx:uart_rx_inst|s_reg[0]     ; clk          ; clk         ; 0.000        ; 0.080      ; 0.746      ;
; 0.454 ; uart_rx:uart_rx_inst|s_reg[3]     ; uart_rx:uart_rx_inst|s_reg[3]     ; clk          ; clk         ; 0.000        ; 0.080      ; 0.746      ;
; 0.454 ; uart_rx:uart_rx_inst|s_reg[1]     ; uart_rx:uart_rx_inst|s_reg[1]     ; clk          ; clk         ; 0.000        ; 0.080      ; 0.746      ;
; 0.454 ; uart_rx:uart_rx_inst|s_reg[2]     ; uart_rx:uart_rx_inst|s_reg[2]     ; clk          ; clk         ; 0.000        ; 0.080      ; 0.746      ;
; 0.511 ; baud_gen:baud|r_reg[7]            ; baud_gen:baud|r_reg[7]            ; clk          ; clk         ; 0.000        ; 0.079      ; 0.802      ;
; 0.551 ; uart_rx:uart_rx_inst|state_reg[1] ; uart_rx:uart_rx_inst|rx_done_tick ; clk          ; clk         ; 0.000        ; 0.099      ; 0.862      ;
; 0.709 ; uart_rx:uart_rx_inst|b_reg[1]     ; uart_rx:uart_rx_inst|b_reg[0]     ; clk          ; clk         ; 0.000        ; 0.079      ; 1.000      ;
; 0.726 ; bcd_input[3]                      ; registers[3][3]                   ; clk          ; clk         ; 0.000        ; 0.079      ; 1.017      ;
; 0.738 ; fast_counter[1]                   ; fast_counter[1]                   ; clk          ; clk         ; 0.000        ; 0.080      ; 1.030      ;
; 0.740 ; fast_counter[2]                   ; fast_counter[2]                   ; clk          ; clk         ; 0.000        ; 0.080      ; 1.032      ;
; 0.742 ; uart_rx:uart_rx_inst|b_reg[4]     ; uart_rx:uart_rx_inst|b_reg[3]     ; clk          ; clk         ; 0.000        ; 0.079      ; 1.033      ;
; 0.743 ; fast_counter[0]                   ; fast_counter[0]                   ; clk          ; clk         ; 0.000        ; 0.099      ; 1.054      ;
; 0.745 ; bcd_input[4]                      ; prev_bcd_input[4]                 ; clk          ; clk         ; 0.000        ; 0.079      ; 1.036      ;
; 0.747 ; baud_gen:baud|r_reg[5]            ; baud_gen:baud|r_reg[5]            ; clk          ; clk         ; 0.000        ; 0.079      ; 1.038      ;
; 0.750 ; baud_gen:baud|r_reg[4]            ; baud_gen:baud|r_reg[4]            ; clk          ; clk         ; 0.000        ; 0.079      ; 1.041      ;
; 0.762 ; fast_counter[3]                   ; fast_counter[3]                   ; clk          ; clk         ; 0.000        ; 0.080      ; 1.054      ;
; 0.763 ; fast_counter[11]                  ; fast_counter[11]                  ; clk          ; clk         ; 0.000        ; 0.080      ; 1.055      ;
; 0.763 ; fast_counter[13]                  ; fast_counter[13]                  ; clk          ; clk         ; 0.000        ; 0.080      ; 1.055      ;
; 0.763 ; fast_counter[5]                   ; fast_counter[5]                   ; clk          ; clk         ; 0.000        ; 0.080      ; 1.055      ;
; 0.764 ; fast_counter[15]                  ; fast_counter[15]                  ; clk          ; clk         ; 0.000        ; 0.080      ; 1.056      ;
; 0.765 ; fast_counter[7]                   ; fast_counter[7]                   ; clk          ; clk         ; 0.000        ; 0.080      ; 1.057      ;
; 0.765 ; fast_counter[9]                   ; fast_counter[9]                   ; clk          ; clk         ; 0.000        ; 0.080      ; 1.057      ;
; 0.765 ; fast_counter[6]                   ; fast_counter[6]                   ; clk          ; clk         ; 0.000        ; 0.080      ; 1.057      ;
; 0.765 ; baud_gen:baud|r_reg[0]            ; baud_gen:baud|r_reg[0]            ; clk          ; clk         ; 0.000        ; 0.079      ; 1.056      ;
; 0.766 ; fast_counter[14]                  ; fast_counter[14]                  ; clk          ; clk         ; 0.000        ; 0.080      ; 1.058      ;
; 0.766 ; fast_counter[4]                   ; fast_counter[4]                   ; clk          ; clk         ; 0.000        ; 0.080      ; 1.058      ;
; 0.767 ; fast_counter[10]                  ; fast_counter[10]                  ; clk          ; clk         ; 0.000        ; 0.080      ; 1.059      ;
; 0.767 ; fast_counter[8]                   ; fast_counter[8]                   ; clk          ; clk         ; 0.000        ; 0.080      ; 1.059      ;
; 0.767 ; fast_counter[12]                  ; fast_counter[12]                  ; clk          ; clk         ; 0.000        ; 0.080      ; 1.059      ;
; 0.778 ; bcd_input[2]                      ; registers[0][2]                   ; clk          ; clk         ; 0.000        ; 0.080      ; 1.070      ;
; 0.783 ; bcd_input[2]                      ; registers[2][2]                   ; clk          ; clk         ; 0.000        ; 0.080      ; 1.075      ;
; 0.791 ; uart_rx:uart_rx_inst|state_reg[0] ; uart_rx:uart_rx_inst|rx_done_tick ; clk          ; clk         ; 0.000        ; 0.099      ; 1.102      ;
; 0.803 ; uart_rx:uart_rx_inst|n_reg[0]     ; uart_rx:uart_rx_inst|n_reg[1]     ; clk          ; clk         ; 0.000        ; 0.099      ; 1.114      ;
; 0.808 ; digit_pos[0]                      ; digit_pos[1]                      ; clk          ; clk         ; 0.000        ; 0.100      ; 1.120      ;
; 0.827 ; uart_rx:uart_rx_inst|s_reg[0]     ; uart_rx:uart_rx_inst|s_reg[1]     ; clk          ; clk         ; 0.000        ; 0.080      ; 1.119      ;
; 0.847 ; prev_bcd_input[1]                 ; new_data_flag                     ; clk          ; clk         ; 0.000        ; 0.080      ; 1.139      ;
; 0.854 ; uart_rx:uart_rx_inst|state_reg[0] ; uart_rx:uart_rx_inst|state_reg[1] ; clk          ; clk         ; 0.000        ; 0.099      ; 1.165      ;
; 0.871 ; uart_rx:uart_rx_inst|b_reg[6]     ; uart_rx:uart_rx_inst|b_reg[5]     ; clk          ; clk         ; 0.000        ; 0.079      ; 1.162      ;
; 0.882 ; uart_rx:uart_rx_inst|state_reg[1] ; uart_rx:uart_rx_inst|n_reg[0]     ; clk          ; clk         ; 0.000        ; 0.099      ; 1.193      ;
; 0.883 ; prev_bcd_input[0]                 ; new_data_flag                     ; clk          ; clk         ; 0.000        ; 0.080      ; 1.175      ;
; 0.901 ; bcd_input[0]                      ; registers[1][0]                   ; clk          ; clk         ; 0.000        ; 0.079      ; 1.192      ;
; 0.903 ; bcd_input[0]                      ; prev_bcd_input[0]                 ; clk          ; clk         ; 0.000        ; 0.079      ; 1.194      ;
; 0.941 ; bcd_input[3]                      ; registers[1][3]                   ; clk          ; clk         ; 0.000        ; 0.079      ; 1.232      ;
; 0.949 ; bcd_input[6]                      ; prev_bcd_input[6]                 ; clk          ; clk         ; 0.000        ; 0.079      ; 1.240      ;
; 0.973 ; bcd_input[3]                      ; registers[2][3]                   ; clk          ; clk         ; 0.000        ; 0.080      ; 1.265      ;
; 0.975 ; baud_gen:baud|r_reg[4]            ; baud_gen:baud|r_reg[6]            ; clk          ; clk         ; 0.000        ; 0.079      ; 1.266      ;
; 0.975 ; baud_gen:baud|r_reg[4]            ; baud_gen:baud|r_reg[2]            ; clk          ; clk         ; 0.000        ; 0.079      ; 1.266      ;
; 0.975 ; bcd_input[3]                      ; registers[0][3]                   ; clk          ; clk         ; 0.000        ; 0.080      ; 1.267      ;
; 0.977 ; uart_rx:uart_rx_inst|b_reg[0]     ; bcd_input[0]                      ; clk          ; clk         ; 0.000        ; 0.080      ; 1.269      ;
; 0.988 ; prev_bcd_input[5]                 ; new_data_flag                     ; clk          ; clk         ; 0.000        ; 0.080      ; 1.280      ;
; 0.988 ; bcd_input[1]                      ; registers[2][1]                   ; clk          ; clk         ; 0.000        ; 0.080      ; 1.280      ;
; 0.990 ; bcd_input[1]                      ; registers[0][1]                   ; clk          ; clk         ; 0.000        ; 0.080      ; 1.282      ;
; 0.997 ; bcd_input[3]                      ; prev_bcd_input[3]                 ; clk          ; clk         ; 0.000        ; 0.079      ; 1.288      ;
; 1.002 ; registers[1][0]                   ; LED[2][0]                         ; clk          ; clk         ; 0.000        ; 0.080      ; 1.294      ;
; 1.017 ; prev_bcd_input[4]                 ; new_data_flag                     ; clk          ; clk         ; 0.000        ; 0.080      ; 1.309      ;
; 1.019 ; bcd_input[2]                      ; registers[1][2]                   ; clk          ; clk         ; 0.000        ; 0.079      ; 1.310      ;
; 1.024 ; bcd_input[2]                      ; prev_bcd_input[2]                 ; clk          ; clk         ; 0.000        ; 0.079      ; 1.315      ;
; 1.025 ; registers[2][0]                   ; LED[1][0]                         ; clk          ; clk         ; 0.000        ; 0.079      ; 1.316      ;
; 1.026 ; registers[2][1]                   ; LED[1][1]                         ; clk          ; clk         ; 0.000        ; 0.079      ; 1.317      ;
; 1.042 ; registers[1][2]                   ; LED[2][2]                         ; clk          ; clk         ; 0.000        ; 0.080      ; 1.334      ;
; 1.053 ; registers[1][1]                   ; LED[2][1]                         ; clk          ; clk         ; 0.000        ; 0.080      ; 1.345      ;
; 1.069 ; uart_rx:uart_rx_inst|state_reg[0] ; uart_rx:uart_rx_inst|n_reg[0]     ; clk          ; clk         ; 0.000        ; 0.099      ; 1.380      ;
; 1.088 ; baud_gen:baud|r_reg[6]            ; baud_gen:baud|r_reg[2]            ; clk          ; clk         ; 0.000        ; 0.079      ; 1.379      ;
; 1.089 ; baud_gen:baud|r_reg[6]            ; baud_gen:baud|r_reg[6]            ; clk          ; clk         ; 0.000        ; 0.079      ; 1.380      ;
; 1.089 ; baud_gen:baud|r_reg[0]            ; baud_gen:baud|r_reg[3]            ; clk          ; clk         ; 0.000        ; 0.079      ; 1.380      ;
; 1.092 ; fast_counter[1]                   ; fast_counter[2]                   ; clk          ; clk         ; 0.000        ; 0.080      ; 1.384      ;
; 1.097 ; baud_gen:baud|r_reg[0]            ; baud_gen:baud|r_reg[1]            ; clk          ; clk         ; 0.000        ; 0.079      ; 1.388      ;
; 1.101 ; fast_counter[2]                   ; fast_counter[3]                   ; clk          ; clk         ; 0.000        ; 0.080      ; 1.393      ;
; 1.102 ; baud_gen:baud|r_reg[3]            ; baud_gen:baud|r_reg[4]            ; clk          ; clk         ; 0.000        ; 0.079      ; 1.393      ;
; 1.110 ; fast_counter[2]                   ; fast_counter[4]                   ; clk          ; clk         ; 0.000        ; 0.080      ; 1.402      ;
; 1.111 ; baud_gen:baud|r_reg[4]            ; baud_gen:baud|r_reg[5]            ; clk          ; clk         ; 0.000        ; 0.079      ; 1.402      ;
; 1.113 ; baud_gen:baud|r_reg[6]            ; baud_gen:baud|r_reg[7]            ; clk          ; clk         ; 0.000        ; 0.079      ; 1.404      ;
; 1.114 ; fast_clk                          ; fast_clk                          ; fast_clk     ; clk         ; 0.000        ; 2.590      ; 4.207      ;
; 1.117 ; fast_counter[3]                   ; fast_counter[4]                   ; clk          ; clk         ; 0.000        ; 0.080      ; 1.409      ;
; 1.118 ; fast_counter[11]                  ; fast_counter[12]                  ; clk          ; clk         ; 0.000        ; 0.080      ; 1.410      ;
; 1.118 ; fast_counter[5]                   ; fast_counter[6]                   ; clk          ; clk         ; 0.000        ; 0.080      ; 1.410      ;
; 1.118 ; fast_counter[13]                  ; fast_counter[14]                  ; clk          ; clk         ; 0.000        ; 0.080      ; 1.410      ;
; 1.119 ; fast_counter[7]                   ; fast_counter[8]                   ; clk          ; clk         ; 0.000        ; 0.080      ; 1.411      ;
; 1.119 ; fast_counter[9]                   ; fast_counter[10]                  ; clk          ; clk         ; 0.000        ; 0.080      ; 1.411      ;
; 1.120 ; baud_gen:baud|r_reg[2]            ; baud_gen:baud|r_reg[4]            ; clk          ; clk         ; 0.000        ; 0.079      ; 1.411      ;
; 1.126 ; fast_counter[6]                   ; fast_counter[7]                   ; clk          ; clk         ; 0.000        ; 0.080      ; 1.418      ;
; 1.127 ; fast_counter[4]                   ; fast_counter[5]                   ; clk          ; clk         ; 0.000        ; 0.080      ; 1.419      ;
; 1.127 ; fast_counter[14]                  ; fast_counter[15]                  ; clk          ; clk         ; 0.000        ; 0.080      ; 1.419      ;
; 1.128 ; fast_counter[8]                   ; fast_counter[9]                   ; clk          ; clk         ; 0.000        ; 0.080      ; 1.420      ;
; 1.128 ; fast_counter[12]                  ; fast_counter[13]                  ; clk          ; clk         ; 0.000        ; 0.080      ; 1.420      ;
; 1.128 ; fast_counter[10]                  ; fast_counter[11]                  ; clk          ; clk         ; 0.000        ; 0.080      ; 1.420      ;
; 1.129 ; uart_rx:uart_rx_inst|b_reg[3]     ; uart_rx:uart_rx_inst|b_reg[2]     ; clk          ; clk         ; 0.000        ; 0.080      ; 1.421      ;
; 1.135 ; fast_counter[6]                   ; fast_counter[8]                   ; clk          ; clk         ; 0.000        ; 0.080      ; 1.427      ;
; 1.136 ; fast_counter[4]                   ; fast_counter[6]                   ; clk          ; clk         ; 0.000        ; 0.080      ; 1.428      ;
; 1.137 ; fast_counter[10]                  ; fast_counter[12]                  ; clk          ; clk         ; 0.000        ; 0.080      ; 1.429      ;
; 1.137 ; fast_counter[8]                   ; fast_counter[10]                  ; clk          ; clk         ; 0.000        ; 0.080      ; 1.429      ;
; 1.137 ; fast_counter[12]                  ; fast_counter[14]                  ; clk          ; clk         ; 0.000        ; 0.080      ; 1.429      ;
; 1.139 ; uart_rx:uart_rx_inst|b_reg[2]     ; uart_rx:uart_rx_inst|b_reg[1]     ; clk          ; clk         ; 0.000        ; 0.079      ; 1.430      ;
+-------+-----------------------------------+-----------------------------------+--------------+-------------+--------------+------------+------------+


+---------------------------------------------------------------------------------------------------------------------------------------+
; Slow 1200mV 85C Model Hold: 'fast_clk'                                                                                                ;
+-------+----------------------------+----------------------------+--------------+-------------+--------------+------------+------------+
; Slack ; From Node                  ; To Node                    ; Launch Clock ; Latch Clock ; Relationship ; Clock Skew ; Data Delay ;
+-------+----------------------------+----------------------------+--------------+-------------+--------------+------------+------------+
; 0.454 ; delay_cnt[2]               ; delay_cnt[2]               ; fast_clk     ; fast_clk    ; 0.000        ; 0.080      ; 0.746      ;
; 0.454 ; bit_cnt[3]                 ; bit_cnt[3]                 ; fast_clk     ; fast_clk    ; 0.000        ; 0.080      ; 0.746      ;
; 0.455 ; digit_index[0]             ; digit_index[0]             ; fast_clk     ; fast_clk    ; 0.000        ; 0.079      ; 0.746      ;
; 0.455 ; digit_index[1]             ; digit_index[1]             ; fast_clk     ; fast_clk    ; 0.000        ; 0.079      ; 0.746      ;
; 0.455 ; bit_cnt[1]                 ; bit_cnt[1]                 ; fast_clk     ; fast_clk    ; 0.000        ; 0.079      ; 0.746      ;
; 0.455 ; current_state.SEND_DIGIT   ; current_state.SEND_DIGIT   ; fast_clk     ; fast_clk    ; 0.000        ; 0.079      ; 0.746      ;
; 0.466 ; delay_cnt[0]               ; delay_cnt[0]               ; fast_clk     ; fast_clk    ; 0.000        ; 0.080      ; 0.758      ;
; 0.467 ; bit_cnt[0]                 ; bit_cnt[0]                 ; fast_clk     ; fast_clk    ; 0.000        ; 0.079      ; 0.758      ;
; 0.544 ; delay_cnt[0]               ; delay_cnt[2]               ; fast_clk     ; fast_clk    ; 0.000        ; 0.080      ; 0.836      ;
; 0.544 ; delay_cnt[0]               ; RCLK~reg0                  ; fast_clk     ; fast_clk    ; 0.000        ; 0.080      ; 0.836      ;
; 0.550 ; current_state.LATCH        ; current_state.SEND_SEGMENT ; fast_clk     ; fast_clk    ; 0.000        ; 0.080      ; 0.842      ;
; 0.551 ; digit_index[0]             ; digit_index[1]             ; fast_clk     ; fast_clk    ; 0.000        ; 0.079      ; 0.842      ;
; 0.551 ; current_state.LATCH        ; SCLK~reg0                  ; fast_clk     ; fast_clk    ; 0.000        ; 0.080      ; 0.843      ;
; 0.560 ; delay_cnt[0]               ; current_state.LATCH        ; fast_clk     ; fast_clk    ; 0.000        ; 0.080      ; 0.852      ;
; 0.645 ; shift_data[3]              ; shift_data[4]              ; fast_clk     ; fast_clk    ; 0.000        ; 0.080      ; 0.937      ;
; 0.645 ; shift_data[4]              ; shift_data[5]              ; fast_clk     ; fast_clk    ; 0.000        ; 0.080      ; 0.937      ;
; 0.701 ; current_state.IDLE         ; DIO~reg0                   ; fast_clk     ; fast_clk    ; 0.000        ; 0.079      ; 0.992      ;
; 0.705 ; bit_cnt[3]                 ; SCLK~reg0                  ; fast_clk     ; fast_clk    ; 0.000        ; 0.080      ; 0.997      ;
; 0.716 ; shift_data[7]              ; DIO~reg0                   ; fast_clk     ; fast_clk    ; 0.000        ; 0.079      ; 1.007      ;
; 0.767 ; current_state.SEND_DIGIT   ; delay_cnt[0]               ; fast_clk     ; fast_clk    ; 0.000        ; 0.079      ; 1.058      ;
; 0.770 ; current_state.SEND_DIGIT   ; delay_cnt[1]               ; fast_clk     ; fast_clk    ; 0.000        ; 0.079      ; 1.061      ;
; 0.778 ; bit_cnt[0]                 ; bit_cnt[1]                 ; fast_clk     ; fast_clk    ; 0.000        ; 0.079      ; 1.069      ;
; 0.793 ; delay_cnt[2]               ; current_state.LATCH        ; fast_clk     ; fast_clk    ; 0.000        ; 0.080      ; 1.085      ;
; 0.816 ; delay_cnt[2]               ; RCLK~reg0                  ; fast_clk     ; fast_clk    ; 0.000        ; 0.080      ; 1.108      ;
; 0.822 ; delay_cnt[1]               ; delay_cnt[2]               ; fast_clk     ; fast_clk    ; 0.000        ; 0.080      ; 1.114      ;
; 0.871 ; delay_cnt[1]               ; current_state.LATCH        ; fast_clk     ; fast_clk    ; 0.000        ; 0.080      ; 1.163      ;
; 0.877 ; LED[0][3]                  ; shift_data[3]              ; clk          ; fast_clk    ; 0.000        ; 1.297      ; 2.416      ;
; 0.922 ; delay_cnt[1]               ; RCLK~reg0                  ; fast_clk     ; fast_clk    ; 0.000        ; 0.080      ; 1.214      ;
; 0.951 ; LED[0][2]                  ; shift_data[2]              ; clk          ; fast_clk    ; 0.000        ; 1.296      ; 2.489      ;
; 0.952 ; LED[0][3]                  ; shift_data[4]              ; clk          ; fast_clk    ; 0.000        ; 1.297      ; 2.491      ;
; 0.957 ; LED[0][1]                  ; shift_data[4]              ; clk          ; fast_clk    ; 0.000        ; 1.297      ; 2.496      ;
; 0.958 ; current_state.SEND_SEGMENT ; bit_cnt[2]                 ; fast_clk     ; fast_clk    ; 0.000        ; 0.080      ; 1.250      ;
; 0.959 ; LED[0][2]                  ; shift_data[1]              ; clk          ; fast_clk    ; 0.000        ; 1.296      ; 2.497      ;
; 0.960 ; LED[0][2]                  ; shift_data[0]              ; clk          ; fast_clk    ; 0.000        ; 1.296      ; 2.498      ;
; 0.970 ; LED[0][2]                  ; shift_data[6]              ; clk          ; fast_clk    ; 0.000        ; 1.296      ; 2.508      ;
; 0.987 ; current_state.IDLE         ; bit_cnt[0]                 ; fast_clk     ; fast_clk    ; 0.000        ; 0.080      ; 1.279      ;
; 0.988 ; current_state.IDLE         ; bit_cnt[1]                 ; fast_clk     ; fast_clk    ; 0.000        ; 0.080      ; 1.280      ;
; 0.990 ; LED[0][3]                  ; shift_data[2]              ; clk          ; fast_clk    ; 0.000        ; 1.296      ; 2.528      ;
; 1.009 ; LED[0][2]                  ; shift_data[3]              ; clk          ; fast_clk    ; 0.000        ; 1.297      ; 2.548      ;
; 1.015 ; current_state.LATCH        ; digit_index[0]             ; fast_clk     ; fast_clk    ; 0.000        ; 0.079      ; 1.306      ;
; 1.017 ; LED[0][3]                  ; shift_data[5]              ; clk          ; fast_clk    ; 0.000        ; 1.297      ; 2.556      ;
; 1.022 ; LED[0][3]                  ; shift_data[1]              ; clk          ; fast_clk    ; 0.000        ; 1.296      ; 2.560      ;
; 1.023 ; LED[0][1]                  ; shift_data[2]              ; clk          ; fast_clk    ; 0.000        ; 1.296      ; 2.561      ;
; 1.030 ; LED[0][3]                  ; shift_data[0]              ; clk          ; fast_clk    ; 0.000        ; 1.296      ; 2.568      ;
; 1.033 ; LED[0][3]                  ; shift_data[6]              ; clk          ; fast_clk    ; 0.000        ; 1.296      ; 2.571      ;
; 1.033 ; LED[0][1]                  ; shift_data[0]              ; clk          ; fast_clk    ; 0.000        ; 1.296      ; 2.571      ;
; 1.033 ; LED[0][1]                  ; shift_data[1]              ; clk          ; fast_clk    ; 0.000        ; 1.296      ; 2.571      ;
; 1.040 ; current_state.LATCH        ; current_state.IDLE         ; fast_clk     ; fast_clk    ; 0.000        ; 0.079      ; 1.331      ;
; 1.042 ; LED[0][2]                  ; shift_data[4]              ; clk          ; fast_clk    ; 0.000        ; 1.297      ; 2.581      ;
; 1.044 ; LED[0][1]                  ; shift_data[6]              ; clk          ; fast_clk    ; 0.000        ; 1.296      ; 2.582      ;
; 1.045 ; current_state.LATCH        ; bit_cnt[3]                 ; fast_clk     ; fast_clk    ; 0.000        ; 0.080      ; 1.337      ;
; 1.049 ; LED[0][0]                  ; shift_data[1]              ; clk          ; fast_clk    ; 0.000        ; 1.296      ; 2.587      ;
; 1.051 ; LED[0][0]                  ; shift_data[0]              ; clk          ; fast_clk    ; 0.000        ; 1.296      ; 2.589      ;
; 1.052 ; bit_cnt[3]                 ; bit_cnt[2]                 ; fast_clk     ; fast_clk    ; 0.000        ; 0.080      ; 1.344      ;
; 1.064 ; LED[0][0]                  ; shift_data[2]              ; clk          ; fast_clk    ; 0.000        ; 1.296      ; 2.602      ;
; 1.078 ; current_state.SEND_DIGIT   ; bit_cnt[3]                 ; fast_clk     ; fast_clk    ; 0.000        ; 0.079      ; 1.369      ;
; 1.079 ; LED[0][1]                  ; shift_data[3]              ; clk          ; fast_clk    ; 0.000        ; 1.297      ; 2.618      ;
; 1.083 ; LED[0][0]                  ; shift_data[3]              ; clk          ; fast_clk    ; 0.000        ; 1.297      ; 2.622      ;
; 1.086 ; LED[0][2]                  ; shift_data[5]              ; clk          ; fast_clk    ; 0.000        ; 1.297      ; 2.625      ;
; 1.093 ; LED[0][0]                  ; shift_data[6]              ; clk          ; fast_clk    ; 0.000        ; 1.296      ; 2.631      ;
; 1.102 ; delay_cnt[2]               ; delay_cnt[1]               ; fast_clk     ; fast_clk    ; 0.000        ; 0.080      ; 1.394      ;
; 1.123 ; LED[0][0]                  ; shift_data[4]              ; clk          ; fast_clk    ; 0.000        ; 1.297      ; 2.662      ;
; 1.134 ; current_state.IDLE         ; current_state.SEND_SEGMENT ; fast_clk     ; fast_clk    ; 0.000        ; 0.080      ; 1.426      ;
; 1.147 ; bit_cnt[2]                 ; bit_cnt[2]                 ; fast_clk     ; fast_clk    ; 0.000        ; 0.079      ; 1.438      ;
; 1.150 ; shift_data[0]              ; shift_data[0]              ; fast_clk     ; fast_clk    ; 0.000        ; 0.079      ; 1.441      ;
; 1.158 ; LED[0][1]                  ; shift_data[5]              ; clk          ; fast_clk    ; 0.000        ; 1.297      ; 2.697      ;
; 1.160 ; LED[0][0]                  ; shift_data[5]              ; clk          ; fast_clk    ; 0.000        ; 1.297      ; 2.699      ;
; 1.189 ; delay_cnt[2]               ; delay_cnt[0]               ; fast_clk     ; fast_clk    ; 0.000        ; 0.080      ; 1.481      ;
; 1.256 ; LED[3][3]                  ; shift_data[3]              ; clk          ; fast_clk    ; 0.000        ; 1.297      ; 2.795      ;
; 1.271 ; current_state.IDLE         ; bit_cnt[2]                 ; fast_clk     ; fast_clk    ; 0.000        ; 0.080      ; 1.563      ;
; 1.272 ; LED[1][1]                  ; shift_data[4]              ; clk          ; fast_clk    ; 0.000        ; 1.297      ; 2.811      ;
; 1.276 ; delay_cnt[1]               ; delay_cnt[1]               ; fast_clk     ; fast_clk    ; 0.000        ; 0.080      ; 1.568      ;
; 1.288 ; current_state.LATCH        ; digit_index[1]             ; fast_clk     ; fast_clk    ; 0.000        ; 0.079      ; 1.579      ;
; 1.289 ; bit_cnt[1]                 ; bit_cnt[2]                 ; fast_clk     ; fast_clk    ; 0.000        ; 0.079      ; 1.580      ;
; 1.293 ; LED[1][3]                  ; shift_data[3]              ; clk          ; fast_clk    ; 0.000        ; 1.297      ; 2.832      ;
; 1.302 ; current_state.LATCH        ; DIO~reg0                   ; fast_clk     ; fast_clk    ; 0.000        ; 0.079      ; 1.593      ;
; 1.305 ; current_state.SEND_SEGMENT ; current_state.SEND_DIGIT   ; fast_clk     ; fast_clk    ; 0.000        ; 0.080      ; 1.597      ;
; 1.308 ; LED[1][3]                  ; shift_data[4]              ; clk          ; fast_clk    ; 0.000        ; 1.297      ; 2.847      ;
; 1.318 ; delay_cnt[2]               ; SCLK~reg0                  ; fast_clk     ; fast_clk    ; 0.000        ; 0.080      ; 1.610      ;
; 1.330 ; LED[1][3]                  ; shift_data[5]              ; clk          ; fast_clk    ; 0.000        ; 1.297      ; 2.869      ;
; 1.330 ; LED[3][2]                  ; shift_data[2]              ; clk          ; fast_clk    ; 0.000        ; 1.296      ; 2.868      ;
; 1.331 ; LED[3][3]                  ; shift_data[4]              ; clk          ; fast_clk    ; 0.000        ; 1.297      ; 2.870      ;
; 1.333 ; current_state.IDLE         ; SCLK~reg0                  ; fast_clk     ; fast_clk    ; 0.000        ; 0.080      ; 1.625      ;
; 1.338 ; LED[3][2]                  ; shift_data[1]              ; clk          ; fast_clk    ; 0.000        ; 1.296      ; 2.876      ;
; 1.339 ; LED[3][2]                  ; shift_data[0]              ; clk          ; fast_clk    ; 0.000        ; 1.296      ; 2.877      ;
; 1.342 ; LED[3][1]                  ; shift_data[4]              ; clk          ; fast_clk    ; 0.000        ; 1.297      ; 2.881      ;
; 1.349 ; LED[3][2]                  ; shift_data[6]              ; clk          ; fast_clk    ; 0.000        ; 1.296      ; 2.887      ;
; 1.352 ; current_state.SEND_SEGMENT ; bit_cnt[0]                 ; fast_clk     ; fast_clk    ; 0.000        ; 0.080      ; 1.644      ;
; 1.353 ; LED[2][2]                  ; shift_data[2]              ; clk          ; fast_clk    ; 0.000        ; 1.296      ; 2.891      ;
; 1.353 ; bit_cnt[3]                 ; bit_cnt[0]                 ; fast_clk     ; fast_clk    ; 0.000        ; 0.080      ; 1.645      ;
; 1.359 ; LED[2][2]                  ; shift_data[0]              ; clk          ; fast_clk    ; 0.000        ; 1.296      ; 2.897      ;
; 1.363 ; delay_cnt[1]               ; delay_cnt[0]               ; fast_clk     ; fast_clk    ; 0.000        ; 0.080      ; 1.655      ;
; 1.369 ; LED[2][2]                  ; shift_data[6]              ; clk          ; fast_clk    ; 0.000        ; 1.296      ; 2.907      ;
; 1.369 ; LED[3][3]                  ; shift_data[2]              ; clk          ; fast_clk    ; 0.000        ; 1.296      ; 2.907      ;
; 1.370 ; LED[2][2]                  ; shift_data[1]              ; clk          ; fast_clk    ; 0.000        ; 1.296      ; 2.908      ;
; 1.378 ; bit_cnt[1]                 ; bit_cnt[3]                 ; fast_clk     ; fast_clk    ; 0.000        ; 0.079      ; 1.669      ;
; 1.382 ; bit_cnt[0]                 ; bit_cnt[3]                 ; fast_clk     ; fast_clk    ; 0.000        ; 0.079      ; 1.673      ;
; 1.388 ; LED[3][2]                  ; shift_data[3]              ; clk          ; fast_clk    ; 0.000        ; 1.297      ; 2.927      ;
; 1.392 ; bit_cnt[3]                 ; current_state.SEND_SEGMENT ; fast_clk     ; fast_clk    ; 0.000        ; 0.080      ; 1.684      ;
; 1.401 ; LED[3][1]                  ; shift_data[2]              ; clk          ; fast_clk    ; 0.000        ; 1.296      ; 2.939      ;
+-------+----------------------------+----------------------------+--------------+-------------+--------------+------------+------------+


-----------------------------------------------
; Slow 1200mV 85C Model Metastability Summary ;
-----------------------------------------------
No synchronizer chains to report.


+--------------------------------------------------+
; Slow 1200mV 0C Model Fmax Summary                ;
+------------+-----------------+------------+------+
; Fmax       ; Restricted Fmax ; Clock Name ; Note ;
+------------+-----------------+------------+------+
; 227.01 MHz ; 227.01 MHz      ; clk        ;      ;
; 256.54 MHz ; 256.54 MHz      ; fast_clk   ;      ;
+------------+-----------------+------------+------+
This panel reports FMAX for every clock in the design, regardless of the user-specified clock periods.  FMAX is only computed for paths where the source and destination registers or ports are driven by the same clock.  Paths of different clocks, including generated clocks, are ignored.  For paths between a clock and its inversion, FMAX is computed as if the rising and falling edges are scaled along with FMAX, such that the duty cycle (in terms of a percentage) is maintained. Altera recommends that you always use clock constraints and other slack reports for sign-off analysis.


+------------------------------------+
; Slow 1200mV 0C Model Setup Summary ;
+----------+--------+----------------+
; Clock    ; Slack  ; End Point TNS  ;
+----------+--------+----------------+
; clk      ; -3.405 ; -192.856       ;
; fast_clk ; -2.898 ; -40.157        ;
+----------+--------+----------------+


+-----------------------------------+
; Slow 1200mV 0C Model Hold Summary ;
+----------+-------+----------------+
; Clock    ; Slack ; End Point TNS  ;
+----------+-------+----------------+
; clk      ; 0.384 ; 0.000          ;
; fast_clk ; 0.402 ; 0.000          ;
+----------+-------+----------------+


-----------------------------------------
; Slow 1200mV 0C Model Recovery Summary ;
-----------------------------------------
No paths to report.


----------------------------------------
; Slow 1200mV 0C Model Removal Summary ;
----------------------------------------
No paths to report.


+--------------------------------------------------+
; Slow 1200mV 0C Model Minimum Pulse Width Summary ;
+----------+--------+------------------------------+
; Clock    ; Slack  ; End Point TNS                ;
+----------+--------+------------------------------+
; clk      ; -3.000 ; -142.778                     ;
; fast_clk ; -1.487 ; -35.688                      ;
+----------+--------+------------------------------+


+--------------------------------------------------------------------------------------------------------------------------------------------------+
; Slow 1200mV 0C Model Setup: 'clk'                                                                                                                ;
+--------+-----------------------------------+-------------------------------+--------------+-------------+--------------+------------+------------+
; Slack  ; From Node                         ; To Node                       ; Launch Clock ; Latch Clock ; Relationship ; Clock Skew ; Data Delay ;
+--------+-----------------------------------+-------------------------------+--------------+-------------+--------------+------------+------------+
; -3.405 ; fast_counter[6]                   ; fast_clk                      ; clk          ; clk         ; 1.000        ; -0.072     ; 4.335      ;
; -3.345 ; fast_counter[11]                  ; fast_clk                      ; clk          ; clk         ; 1.000        ; -0.072     ; 4.275      ;
; -3.286 ; fast_counter[10]                  ; fast_clk                      ; clk          ; clk         ; 1.000        ; -0.072     ; 4.216      ;
; -3.239 ; fast_counter[8]                   ; fast_clk                      ; clk          ; clk         ; 1.000        ; -0.072     ; 4.169      ;
; -3.076 ; fast_counter[4]                   ; fast_clk                      ; clk          ; clk         ; 1.000        ; -0.072     ; 4.006      ;
; -3.024 ; fast_counter[14]                  ; fast_clk                      ; clk          ; clk         ; 1.000        ; -0.072     ; 3.954      ;
; -3.022 ; fast_counter[13]                  ; fast_clk                      ; clk          ; clk         ; 1.000        ; -0.072     ; 3.952      ;
; -2.957 ; fast_counter[15]                  ; fast_clk                      ; clk          ; clk         ; 1.000        ; -0.072     ; 3.887      ;
; -2.879 ; fast_counter[9]                   ; fast_clk                      ; clk          ; clk         ; 1.000        ; -0.072     ; 3.809      ;
; -2.870 ; fast_counter[3]                   ; fast_clk                      ; clk          ; clk         ; 1.000        ; -0.072     ; 3.800      ;
; -2.867 ; fast_counter[7]                   ; fast_clk                      ; clk          ; clk         ; 1.000        ; -0.072     ; 3.797      ;
; -2.794 ; bcd_input[2]                      ; registers[0][1]               ; clk          ; clk         ; 1.000        ; -0.071     ; 3.725      ;
; -2.794 ; bcd_input[2]                      ; registers[1][1]               ; clk          ; clk         ; 1.000        ; -0.072     ; 3.724      ;
; -2.794 ; bcd_input[2]                      ; registers[0][2]               ; clk          ; clk         ; 1.000        ; -0.071     ; 3.725      ;
; -2.794 ; bcd_input[2]                      ; registers[1][0]               ; clk          ; clk         ; 1.000        ; -0.072     ; 3.724      ;
; -2.794 ; bcd_input[2]                      ; registers[0][0]               ; clk          ; clk         ; 1.000        ; -0.071     ; 3.725      ;
; -2.794 ; bcd_input[2]                      ; registers[1][3]               ; clk          ; clk         ; 1.000        ; -0.072     ; 3.724      ;
; -2.794 ; bcd_input[2]                      ; registers[0][3]               ; clk          ; clk         ; 1.000        ; -0.071     ; 3.725      ;
; -2.794 ; bcd_input[2]                      ; registers[1][2]               ; clk          ; clk         ; 1.000        ; -0.072     ; 3.724      ;
; -2.763 ; fast_counter[5]                   ; fast_clk                      ; clk          ; clk         ; 1.000        ; -0.072     ; 3.693      ;
; -2.749 ; bcd_input[2]                      ; registers[2][1]               ; clk          ; clk         ; 1.000        ; -0.071     ; 3.680      ;
; -2.749 ; bcd_input[2]                      ; registers[2][2]               ; clk          ; clk         ; 1.000        ; -0.071     ; 3.680      ;
; -2.749 ; bcd_input[2]                      ; registers[2][0]               ; clk          ; clk         ; 1.000        ; -0.071     ; 3.680      ;
; -2.749 ; bcd_input[2]                      ; registers[2][3]               ; clk          ; clk         ; 1.000        ; -0.071     ; 3.680      ;
; -2.644 ; fast_counter[12]                  ; fast_clk                      ; clk          ; clk         ; 1.000        ; -0.072     ; 3.574      ;
; -2.636 ; bcd_input[2]                      ; registers[3][2]               ; clk          ; clk         ; 1.000        ; -0.072     ; 3.566      ;
; -2.636 ; bcd_input[2]                      ; registers[3][1]               ; clk          ; clk         ; 1.000        ; -0.072     ; 3.566      ;
; -2.636 ; bcd_input[2]                      ; registers[3][0]               ; clk          ; clk         ; 1.000        ; -0.072     ; 3.566      ;
; -2.636 ; bcd_input[2]                      ; registers[3][3]               ; clk          ; clk         ; 1.000        ; -0.072     ; 3.566      ;
; -2.614 ; bcd_input[7]                      ; LED[3][2]                     ; clk          ; clk         ; 1.000        ; -0.073     ; 3.543      ;
; -2.614 ; bcd_input[7]                      ; LED[0][2]                     ; clk          ; clk         ; 1.000        ; -0.073     ; 3.543      ;
; -2.614 ; bcd_input[7]                      ; LED[1][2]                     ; clk          ; clk         ; 1.000        ; -0.073     ; 3.543      ;
; -2.614 ; bcd_input[7]                      ; LED[1][3]                     ; clk          ; clk         ; 1.000        ; -0.073     ; 3.543      ;
; -2.614 ; bcd_input[7]                      ; LED[2][3]                     ; clk          ; clk         ; 1.000        ; -0.073     ; 3.543      ;
; -2.614 ; bcd_input[7]                      ; LED[0][3]                     ; clk          ; clk         ; 1.000        ; -0.073     ; 3.543      ;
; -2.614 ; bcd_input[7]                      ; LED[3][3]                     ; clk          ; clk         ; 1.000        ; -0.073     ; 3.543      ;
; -2.614 ; bcd_input[7]                      ; LED[2][2]                     ; clk          ; clk         ; 1.000        ; -0.073     ; 3.543      ;
; -2.539 ; bcd_input[5]                      ; registers[1][0]               ; clk          ; clk         ; 1.000        ; -0.072     ; 3.469      ;
; -2.539 ; bcd_input[5]                      ; registers[1][3]               ; clk          ; clk         ; 1.000        ; -0.072     ; 3.469      ;
; -2.539 ; bcd_input[5]                      ; registers[1][2]               ; clk          ; clk         ; 1.000        ; -0.072     ; 3.469      ;
; -2.539 ; bcd_input[5]                      ; registers[1][1]               ; clk          ; clk         ; 1.000        ; -0.072     ; 3.469      ;
; -2.523 ; uart_rx:uart_rx_inst|state_reg[0] ; uart_rx:uart_rx_inst|b_reg[0] ; clk          ; clk         ; 1.000        ; -0.539     ; 2.986      ;
; -2.523 ; uart_rx:uart_rx_inst|state_reg[0] ; uart_rx:uart_rx_inst|b_reg[3] ; clk          ; clk         ; 1.000        ; -0.539     ; 2.986      ;
; -2.521 ; bcd_input[5]                      ; registers[0][0]               ; clk          ; clk         ; 1.000        ; -0.071     ; 3.452      ;
; -2.521 ; bcd_input[5]                      ; registers[0][3]               ; clk          ; clk         ; 1.000        ; -0.071     ; 3.452      ;
; -2.521 ; bcd_input[5]                      ; registers[0][1]               ; clk          ; clk         ; 1.000        ; -0.071     ; 3.452      ;
; -2.521 ; bcd_input[5]                      ; registers[0][2]               ; clk          ; clk         ; 1.000        ; -0.071     ; 3.452      ;
; -2.479 ; bcd_input[5]                      ; registers[2][2]               ; clk          ; clk         ; 1.000        ; -0.071     ; 3.410      ;
; -2.479 ; bcd_input[5]                      ; registers[2][1]               ; clk          ; clk         ; 1.000        ; -0.071     ; 3.410      ;
; -2.479 ; bcd_input[5]                      ; registers[2][0]               ; clk          ; clk         ; 1.000        ; -0.071     ; 3.410      ;
; -2.479 ; bcd_input[5]                      ; registers[2][3]               ; clk          ; clk         ; 1.000        ; -0.071     ; 3.410      ;
; -2.470 ; bcd_input[3]                      ; registers[1][0]               ; clk          ; clk         ; 1.000        ; -0.072     ; 3.400      ;
; -2.470 ; bcd_input[3]                      ; registers[1][3]               ; clk          ; clk         ; 1.000        ; -0.072     ; 3.400      ;
; -2.470 ; bcd_input[3]                      ; registers[1][2]               ; clk          ; clk         ; 1.000        ; -0.072     ; 3.400      ;
; -2.470 ; bcd_input[3]                      ; registers[1][1]               ; clk          ; clk         ; 1.000        ; -0.072     ; 3.400      ;
; -2.461 ; bcd_input[7]                      ; registers[1][3]               ; clk          ; clk         ; 1.000        ; -0.072     ; 3.391      ;
; -2.461 ; bcd_input[7]                      ; registers[1][2]               ; clk          ; clk         ; 1.000        ; -0.072     ; 3.391      ;
; -2.461 ; bcd_input[7]                      ; registers[1][1]               ; clk          ; clk         ; 1.000        ; -0.072     ; 3.391      ;
; -2.461 ; bcd_input[7]                      ; registers[1][0]               ; clk          ; clk         ; 1.000        ; -0.072     ; 3.391      ;
; -2.452 ; bcd_input[3]                      ; registers[0][0]               ; clk          ; clk         ; 1.000        ; -0.071     ; 3.383      ;
; -2.452 ; bcd_input[3]                      ; registers[0][3]               ; clk          ; clk         ; 1.000        ; -0.071     ; 3.383      ;
; -2.452 ; bcd_input[3]                      ; registers[0][1]               ; clk          ; clk         ; 1.000        ; -0.071     ; 3.383      ;
; -2.452 ; bcd_input[3]                      ; registers[0][2]               ; clk          ; clk         ; 1.000        ; -0.071     ; 3.383      ;
; -2.443 ; bcd_input[7]                      ; registers[0][0]               ; clk          ; clk         ; 1.000        ; -0.071     ; 3.374      ;
; -2.443 ; bcd_input[7]                      ; registers[0][3]               ; clk          ; clk         ; 1.000        ; -0.071     ; 3.374      ;
; -2.443 ; bcd_input[7]                      ; registers[0][1]               ; clk          ; clk         ; 1.000        ; -0.071     ; 3.374      ;
; -2.443 ; bcd_input[7]                      ; registers[0][2]               ; clk          ; clk         ; 1.000        ; -0.071     ; 3.374      ;
; -2.439 ; bcd_input[2]                      ; digit_pos[0]                  ; clk          ; clk         ; 1.000        ; 0.377      ; 3.818      ;
; -2.439 ; bcd_input[2]                      ; digit_pos[1]                  ; clk          ; clk         ; 1.000        ; 0.377      ; 3.818      ;
; -2.413 ; bcd_input[1]                      ; LED[0][3]                     ; clk          ; clk         ; 1.000        ; -0.073     ; 3.342      ;
; -2.413 ; bcd_input[1]                      ; LED[2][3]                     ; clk          ; clk         ; 1.000        ; -0.073     ; 3.342      ;
; -2.413 ; bcd_input[1]                      ; LED[2][2]                     ; clk          ; clk         ; 1.000        ; -0.073     ; 3.342      ;
; -2.413 ; bcd_input[1]                      ; LED[3][3]                     ; clk          ; clk         ; 1.000        ; -0.073     ; 3.342      ;
; -2.413 ; bcd_input[1]                      ; LED[3][2]                     ; clk          ; clk         ; 1.000        ; -0.073     ; 3.342      ;
; -2.413 ; bcd_input[1]                      ; LED[1][2]                     ; clk          ; clk         ; 1.000        ; -0.073     ; 3.342      ;
; -2.413 ; bcd_input[1]                      ; LED[1][3]                     ; clk          ; clk         ; 1.000        ; -0.073     ; 3.342      ;
; -2.413 ; bcd_input[1]                      ; LED[0][2]                     ; clk          ; clk         ; 1.000        ; -0.073     ; 3.342      ;
; -2.410 ; bcd_input[3]                      ; registers[2][1]               ; clk          ; clk         ; 1.000        ; -0.071     ; 3.341      ;
; -2.410 ; bcd_input[3]                      ; registers[2][2]               ; clk          ; clk         ; 1.000        ; -0.071     ; 3.341      ;
; -2.410 ; bcd_input[3]                      ; registers[2][0]               ; clk          ; clk         ; 1.000        ; -0.071     ; 3.341      ;
; -2.410 ; bcd_input[3]                      ; registers[2][3]               ; clk          ; clk         ; 1.000        ; -0.071     ; 3.341      ;
; -2.401 ; bcd_input[7]                      ; registers[2][2]               ; clk          ; clk         ; 1.000        ; -0.071     ; 3.332      ;
; -2.401 ; bcd_input[7]                      ; registers[2][1]               ; clk          ; clk         ; 1.000        ; -0.071     ; 3.332      ;
; -2.401 ; bcd_input[7]                      ; registers[2][0]               ; clk          ; clk         ; 1.000        ; -0.071     ; 3.332      ;
; -2.401 ; bcd_input[7]                      ; registers[2][3]               ; clk          ; clk         ; 1.000        ; -0.071     ; 3.332      ;
; -2.356 ; uart_rx:uart_rx_inst|state_reg[1] ; uart_rx:uart_rx_inst|b_reg[3] ; clk          ; clk         ; 1.000        ; -0.539     ; 2.819      ;
; -2.356 ; uart_rx:uart_rx_inst|state_reg[1] ; uart_rx:uart_rx_inst|b_reg[0] ; clk          ; clk         ; 1.000        ; -0.539     ; 2.819      ;
; -2.347 ; bcd_input[2]                      ; LED[1][2]                     ; clk          ; clk         ; 1.000        ; -0.073     ; 3.276      ;
; -2.347 ; bcd_input[2]                      ; LED[0][2]                     ; clk          ; clk         ; 1.000        ; -0.073     ; 3.276      ;
; -2.347 ; bcd_input[2]                      ; LED[0][3]                     ; clk          ; clk         ; 1.000        ; -0.073     ; 3.276      ;
; -2.347 ; bcd_input[2]                      ; LED[3][2]                     ; clk          ; clk         ; 1.000        ; -0.073     ; 3.276      ;
; -2.347 ; bcd_input[2]                      ; LED[1][3]                     ; clk          ; clk         ; 1.000        ; -0.073     ; 3.276      ;
; -2.347 ; bcd_input[2]                      ; LED[2][3]                     ; clk          ; clk         ; 1.000        ; -0.073     ; 3.276      ;
; -2.347 ; bcd_input[2]                      ; LED[2][2]                     ; clk          ; clk         ; 1.000        ; -0.073     ; 3.276      ;
; -2.347 ; bcd_input[2]                      ; LED[3][3]                     ; clk          ; clk         ; 1.000        ; -0.073     ; 3.276      ;
; -2.342 ; bcd_input[7]                      ; LED[2][1]                     ; clk          ; clk         ; 1.000        ; -0.073     ; 3.271      ;
; -2.342 ; bcd_input[7]                      ; LED[0][1]                     ; clk          ; clk         ; 1.000        ; -0.073     ; 3.271      ;
; -2.342 ; bcd_input[7]                      ; LED[1][1]                     ; clk          ; clk         ; 1.000        ; -0.073     ; 3.271      ;
; -2.342 ; bcd_input[7]                      ; LED[1][0]                     ; clk          ; clk         ; 1.000        ; -0.073     ; 3.271      ;
; -2.342 ; bcd_input[7]                      ; LED[0][0]                     ; clk          ; clk         ; 1.000        ; -0.073     ; 3.271      ;
+--------+-----------------------------------+-------------------------------+--------------+-------------+--------------+------------+------------+


+----------------------------------------------------------------------------------------------------------------------------------------+
; Slow 1200mV 0C Model Setup: 'fast_clk'                                                                                                 ;
+--------+----------------------------+----------------------------+--------------+-------------+--------------+------------+------------+
; Slack  ; From Node                  ; To Node                    ; Launch Clock ; Latch Clock ; Relationship ; Clock Skew ; Data Delay ;
+--------+----------------------------+----------------------------+--------------+-------------+--------------+------------+------------+
; -2.898 ; digit_index[1]             ; shift_data[5]              ; fast_clk     ; fast_clk    ; 1.000        ; -0.072     ; 3.828      ;
; -2.888 ; digit_index[0]             ; shift_data[5]              ; fast_clk     ; fast_clk    ; 1.000        ; -0.072     ; 3.818      ;
; -2.833 ; digit_index[1]             ; shift_data[4]              ; fast_clk     ; fast_clk    ; 1.000        ; -0.072     ; 3.763      ;
; -2.823 ; digit_index[0]             ; shift_data[4]              ; fast_clk     ; fast_clk    ; 1.000        ; -0.072     ; 3.753      ;
; -2.823 ; digit_index[0]             ; shift_data[6]              ; fast_clk     ; fast_clk    ; 1.000        ; -0.073     ; 3.752      ;
; -2.779 ; digit_index[1]             ; shift_data[3]              ; fast_clk     ; fast_clk    ; 1.000        ; -0.072     ; 3.709      ;
; -2.770 ; digit_index[0]             ; shift_data[1]              ; fast_clk     ; fast_clk    ; 1.000        ; -0.073     ; 3.699      ;
; -2.769 ; digit_index[0]             ; shift_data[3]              ; fast_clk     ; fast_clk    ; 1.000        ; -0.072     ; 3.699      ;
; -2.765 ; digit_index[0]             ; shift_data[2]              ; fast_clk     ; fast_clk    ; 1.000        ; -0.073     ; 3.694      ;
; -2.761 ; digit_index[0]             ; shift_data[0]              ; fast_clk     ; fast_clk    ; 1.000        ; -0.073     ; 3.690      ;
; -2.736 ; digit_index[1]             ; shift_data[6]              ; fast_clk     ; fast_clk    ; 1.000        ; -0.073     ; 3.665      ;
; -2.711 ; digit_index[1]             ; shift_data[0]              ; fast_clk     ; fast_clk    ; 1.000        ; -0.073     ; 3.640      ;
; -2.697 ; digit_index[1]             ; shift_data[1]              ; fast_clk     ; fast_clk    ; 1.000        ; -0.073     ; 3.626      ;
; -2.690 ; digit_index[1]             ; shift_data[2]              ; fast_clk     ; fast_clk    ; 1.000        ; -0.073     ; 3.619      ;
; -2.192 ; bit_cnt[3]                 ; shift_data[6]              ; fast_clk     ; fast_clk    ; 1.000        ; -0.074     ; 3.120      ;
; -2.192 ; bit_cnt[3]                 ; shift_data[1]              ; fast_clk     ; fast_clk    ; 1.000        ; -0.074     ; 3.120      ;
; -2.192 ; bit_cnt[3]                 ; shift_data[2]              ; fast_clk     ; fast_clk    ; 1.000        ; -0.074     ; 3.120      ;
; -2.188 ; bit_cnt[3]                 ; shift_data[4]              ; fast_clk     ; fast_clk    ; 1.000        ; -0.073     ; 3.117      ;
; -2.188 ; bit_cnt[3]                 ; shift_data[5]              ; fast_clk     ; fast_clk    ; 1.000        ; -0.073     ; 3.117      ;
; -2.188 ; bit_cnt[3]                 ; shift_data[3]              ; fast_clk     ; fast_clk    ; 1.000        ; -0.073     ; 3.117      ;
; -2.187 ; current_state.SEND_SEGMENT ; shift_data[6]              ; fast_clk     ; fast_clk    ; 1.000        ; -0.074     ; 3.115      ;
; -2.187 ; current_state.SEND_SEGMENT ; shift_data[1]              ; fast_clk     ; fast_clk    ; 1.000        ; -0.074     ; 3.115      ;
; -2.187 ; current_state.SEND_SEGMENT ; shift_data[2]              ; fast_clk     ; fast_clk    ; 1.000        ; -0.074     ; 3.115      ;
; -2.183 ; current_state.SEND_SEGMENT ; shift_data[3]              ; fast_clk     ; fast_clk    ; 1.000        ; -0.073     ; 3.112      ;
; -2.183 ; current_state.SEND_SEGMENT ; shift_data[4]              ; fast_clk     ; fast_clk    ; 1.000        ; -0.073     ; 3.112      ;
; -2.183 ; current_state.SEND_SEGMENT ; shift_data[5]              ; fast_clk     ; fast_clk    ; 1.000        ; -0.073     ; 3.112      ;
; -2.077 ; current_state.IDLE         ; shift_data[1]              ; fast_clk     ; fast_clk    ; 1.000        ; -0.073     ; 3.006      ;
; -2.043 ; current_state.IDLE         ; shift_data[2]              ; fast_clk     ; fast_clk    ; 1.000        ; -0.073     ; 2.972      ;
; -1.981 ; delay_cnt[1]               ; shift_data[6]              ; fast_clk     ; fast_clk    ; 1.000        ; -0.074     ; 2.909      ;
; -1.981 ; delay_cnt[1]               ; shift_data[2]              ; fast_clk     ; fast_clk    ; 1.000        ; -0.074     ; 2.909      ;
; -1.981 ; delay_cnt[1]               ; shift_data[1]              ; fast_clk     ; fast_clk    ; 1.000        ; -0.074     ; 2.909      ;
; -1.977 ; delay_cnt[1]               ; shift_data[3]              ; fast_clk     ; fast_clk    ; 1.000        ; -0.073     ; 2.906      ;
; -1.977 ; delay_cnt[1]               ; shift_data[5]              ; fast_clk     ; fast_clk    ; 1.000        ; -0.073     ; 2.906      ;
; -1.977 ; delay_cnt[1]               ; shift_data[4]              ; fast_clk     ; fast_clk    ; 1.000        ; -0.073     ; 2.906      ;
; -1.946 ; delay_cnt[2]               ; shift_data[2]              ; fast_clk     ; fast_clk    ; 1.000        ; -0.074     ; 2.874      ;
; -1.946 ; delay_cnt[2]               ; shift_data[1]              ; fast_clk     ; fast_clk    ; 1.000        ; -0.074     ; 2.874      ;
; -1.946 ; delay_cnt[2]               ; shift_data[6]              ; fast_clk     ; fast_clk    ; 1.000        ; -0.074     ; 2.874      ;
; -1.942 ; delay_cnt[2]               ; shift_data[4]              ; fast_clk     ; fast_clk    ; 1.000        ; -0.073     ; 2.871      ;
; -1.942 ; delay_cnt[2]               ; shift_data[5]              ; fast_clk     ; fast_clk    ; 1.000        ; -0.073     ; 2.871      ;
; -1.942 ; delay_cnt[2]               ; shift_data[3]              ; fast_clk     ; fast_clk    ; 1.000        ; -0.073     ; 2.871      ;
; -1.905 ; bit_cnt[3]                 ; shift_data[7]              ; fast_clk     ; fast_clk    ; 1.000        ; -0.072     ; 2.835      ;
; -1.896 ; current_state.IDLE         ; shift_data[3]              ; fast_clk     ; fast_clk    ; 1.000        ; -0.072     ; 2.826      ;
; -1.886 ; LED[2][1]                  ; shift_data[5]              ; clk          ; fast_clk    ; 1.000        ; 0.976      ; 3.854      ;
; -1.859 ; current_state.SEND_DIGIT   ; shift_data[2]              ; fast_clk     ; fast_clk    ; 1.000        ; -0.074     ; 2.787      ;
; -1.859 ; current_state.SEND_DIGIT   ; shift_data[6]              ; fast_clk     ; fast_clk    ; 1.000        ; -0.074     ; 2.787      ;
; -1.859 ; current_state.SEND_DIGIT   ; shift_data[1]              ; fast_clk     ; fast_clk    ; 1.000        ; -0.074     ; 2.787      ;
; -1.855 ; current_state.SEND_DIGIT   ; shift_data[3]              ; fast_clk     ; fast_clk    ; 1.000        ; -0.073     ; 2.784      ;
; -1.855 ; current_state.SEND_DIGIT   ; shift_data[4]              ; fast_clk     ; fast_clk    ; 1.000        ; -0.073     ; 2.784      ;
; -1.855 ; current_state.SEND_DIGIT   ; shift_data[5]              ; fast_clk     ; fast_clk    ; 1.000        ; -0.073     ; 2.784      ;
; -1.845 ; bit_cnt[3]                 ; bit_cnt[1]                 ; fast_clk     ; fast_clk    ; 1.000        ; -0.072     ; 2.775      ;
; -1.845 ; bit_cnt[3]                 ; bit_cnt[0]                 ; fast_clk     ; fast_clk    ; 1.000        ; -0.072     ; 2.775      ;
; -1.845 ; bit_cnt[3]                 ; bit_cnt[2]                 ; fast_clk     ; fast_clk    ; 1.000        ; -0.072     ; 2.775      ;
; -1.831 ; delay_cnt[2]               ; bit_cnt[2]                 ; fast_clk     ; fast_clk    ; 1.000        ; -0.072     ; 2.761      ;
; -1.831 ; delay_cnt[2]               ; bit_cnt[0]                 ; fast_clk     ; fast_clk    ; 1.000        ; -0.072     ; 2.761      ;
; -1.831 ; delay_cnt[2]               ; bit_cnt[1]                 ; fast_clk     ; fast_clk    ; 1.000        ; -0.072     ; 2.761      ;
; -1.800 ; bit_cnt[3]                 ; shift_data[0]              ; fast_clk     ; fast_clk    ; 1.000        ; -0.074     ; 2.728      ;
; -1.765 ; LED[2][1]                  ; shift_data[3]              ; clk          ; fast_clk    ; 1.000        ; 0.976      ; 3.733      ;
; -1.760 ; current_state.SEND_DIGIT   ; bit_cnt[2]                 ; fast_clk     ; fast_clk    ; 1.000        ; -0.072     ; 2.690      ;
; -1.760 ; delay_cnt[1]               ; bit_cnt[0]                 ; fast_clk     ; fast_clk    ; 1.000        ; -0.072     ; 2.690      ;
; -1.760 ; delay_cnt[1]               ; bit_cnt[1]                 ; fast_clk     ; fast_clk    ; 1.000        ; -0.072     ; 2.690      ;
; -1.760 ; current_state.SEND_DIGIT   ; bit_cnt[0]                 ; fast_clk     ; fast_clk    ; 1.000        ; -0.072     ; 2.690      ;
; -1.760 ; current_state.SEND_DIGIT   ; bit_cnt[1]                 ; fast_clk     ; fast_clk    ; 1.000        ; -0.072     ; 2.690      ;
; -1.760 ; delay_cnt[1]               ; bit_cnt[2]                 ; fast_clk     ; fast_clk    ; 1.000        ; -0.072     ; 2.690      ;
; -1.751 ; current_state.SEND_SEGMENT ; bit_cnt[0]                 ; fast_clk     ; fast_clk    ; 1.000        ; -0.072     ; 2.681      ;
; -1.751 ; current_state.SEND_SEGMENT ; bit_cnt[1]                 ; fast_clk     ; fast_clk    ; 1.000        ; -0.072     ; 2.681      ;
; -1.751 ; current_state.SEND_SEGMENT ; bit_cnt[2]                 ; fast_clk     ; fast_clk    ; 1.000        ; -0.072     ; 2.681      ;
; -1.748 ; current_state.SEND_SEGMENT ; shift_data[7]              ; fast_clk     ; fast_clk    ; 1.000        ; -0.072     ; 2.678      ;
; -1.735 ; LED[2][1]                  ; shift_data[6]              ; clk          ; fast_clk    ; 1.000        ; 0.975      ; 3.702      ;
; -1.714 ; current_state.SEND_SEGMENT ; shift_data[0]              ; fast_clk     ; fast_clk    ; 1.000        ; -0.074     ; 2.642      ;
; -1.710 ; LED[2][1]                  ; shift_data[0]              ; clk          ; fast_clk    ; 1.000        ; 0.975      ; 3.677      ;
; -1.696 ; LED[2][1]                  ; shift_data[1]              ; clk          ; fast_clk    ; 1.000        ; 0.975      ; 3.663      ;
; -1.689 ; LED[2][1]                  ; shift_data[2]              ; clk          ; fast_clk    ; 1.000        ; 0.975      ; 3.656      ;
; -1.685 ; LED[2][0]                  ; shift_data[5]              ; clk          ; fast_clk    ; 1.000        ; 0.976      ; 3.653      ;
; -1.663 ; current_state.LATCH        ; shift_data[6]              ; fast_clk     ; fast_clk    ; 1.000        ; -0.074     ; 2.591      ;
; -1.663 ; current_state.LATCH        ; shift_data[2]              ; fast_clk     ; fast_clk    ; 1.000        ; -0.074     ; 2.591      ;
; -1.663 ; current_state.LATCH        ; shift_data[1]              ; fast_clk     ; fast_clk    ; 1.000        ; -0.074     ; 2.591      ;
; -1.659 ; current_state.LATCH        ; shift_data[3]              ; fast_clk     ; fast_clk    ; 1.000        ; -0.073     ; 2.588      ;
; -1.659 ; current_state.LATCH        ; shift_data[4]              ; fast_clk     ; fast_clk    ; 1.000        ; -0.073     ; 2.588      ;
; -1.659 ; current_state.LATCH        ; shift_data[5]              ; fast_clk     ; fast_clk    ; 1.000        ; -0.073     ; 2.588      ;
; -1.645 ; current_state.SEND_SEGMENT ; bit_cnt[3]                 ; fast_clk     ; fast_clk    ; 1.000        ; -0.072     ; 2.575      ;
; -1.620 ; LED[2][0]                  ; shift_data[4]              ; clk          ; fast_clk    ; 1.000        ; 0.976      ; 3.588      ;
; -1.618 ; delay_cnt[1]               ; shift_data[0]              ; fast_clk     ; fast_clk    ; 1.000        ; -0.074     ; 2.546      ;
; -1.575 ; delay_cnt[1]               ; shift_data[7]              ; fast_clk     ; fast_clk    ; 1.000        ; -0.072     ; 2.505      ;
; -1.566 ; LED[2][0]                  ; shift_data[3]              ; clk          ; fast_clk    ; 1.000        ; 0.976      ; 3.534      ;
; -1.552 ; LED[2][3]                  ; shift_data[6]              ; clk          ; fast_clk    ; 1.000        ; 0.976      ; 3.520      ;
; -1.522 ; delay_cnt[2]               ; shift_data[0]              ; fast_clk     ; fast_clk    ; 1.000        ; -0.074     ; 2.450      ;
; -1.516 ; shift_data[2]              ; shift_data[3]              ; fast_clk     ; fast_clk    ; 1.000        ; -0.071     ; 2.447      ;
; -1.505 ; delay_cnt[1]               ; bit_cnt[3]                 ; fast_clk     ; fast_clk    ; 1.000        ; -0.072     ; 2.435      ;
; -1.503 ; current_state.IDLE         ; shift_data[5]              ; fast_clk     ; fast_clk    ; 1.000        ; -0.072     ; 2.433      ;
; -1.502 ; LED[1][2]                  ; shift_data[5]              ; clk          ; fast_clk    ; 1.000        ; 0.977      ; 3.471      ;
; -1.502 ; delay_cnt[2]               ; shift_data[7]              ; fast_clk     ; fast_clk    ; 1.000        ; -0.072     ; 2.432      ;
; -1.499 ; LED[2][3]                  ; shift_data[1]              ; clk          ; fast_clk    ; 1.000        ; 0.976      ; 3.467      ;
; -1.494 ; LED[2][3]                  ; shift_data[2]              ; clk          ; fast_clk    ; 1.000        ; 0.976      ; 3.462      ;
; -1.490 ; LED[2][3]                  ; shift_data[0]              ; clk          ; fast_clk    ; 1.000        ; 0.976      ; 3.458      ;
; -1.487 ; LED[2][0]                  ; shift_data[0]              ; clk          ; fast_clk    ; 1.000        ; 0.975      ; 3.454      ;
; -1.472 ; delay_cnt[2]               ; current_state.SEND_SEGMENT ; fast_clk     ; fast_clk    ; 1.000        ; -0.072     ; 2.402      ;
; -1.471 ; LED[2][0]                  ; shift_data[6]              ; clk          ; fast_clk    ; 1.000        ; 0.975      ; 3.438      ;
; -1.458 ; LED[2][0]                  ; shift_data[1]              ; clk          ; fast_clk    ; 1.000        ; 0.975      ; 3.425      ;
; -1.451 ; current_state.SEND_DIGIT   ; shift_data[0]              ; fast_clk     ; fast_clk    ; 1.000        ; -0.074     ; 2.379      ;
; -1.439 ; bit_cnt[3]                 ; bit_cnt[3]                 ; fast_clk     ; fast_clk    ; 1.000        ; -0.072     ; 2.369      ;
+--------+----------------------------+----------------------------+--------------+-------------+--------------+------------+------------+


+-----------------------------------------------------------------------------------------------------------------------------------------------------+
; Slow 1200mV 0C Model Hold: 'clk'                                                                                                                    ;
+-------+-----------------------------------+-----------------------------------+--------------+-------------+--------------+------------+------------+
; Slack ; From Node                         ; To Node                           ; Launch Clock ; Latch Clock ; Relationship ; Clock Skew ; Data Delay ;
+-------+-----------------------------------+-----------------------------------+--------------+-------------+--------------+------------+------------+
; 0.384 ; uart_rx:uart_rx_inst|n_reg[2]     ; uart_rx:uart_rx_inst|n_reg[2]     ; clk          ; clk         ; 0.000        ; 0.090      ; 0.669      ;
; 0.384 ; digit_pos[1]                      ; digit_pos[1]                      ; clk          ; clk         ; 0.000        ; 0.090      ; 0.669      ;
; 0.384 ; uart_rx:uart_rx_inst|state_reg[1] ; uart_rx:uart_rx_inst|state_reg[1] ; clk          ; clk         ; 0.000        ; 0.090      ; 0.669      ;
; 0.384 ; uart_rx:uart_rx_inst|state_reg[0] ; uart_rx:uart_rx_inst|state_reg[0] ; clk          ; clk         ; 0.000        ; 0.090      ; 0.669      ;
; 0.384 ; uart_rx:uart_rx_inst|n_reg[1]     ; uart_rx:uart_rx_inst|n_reg[1]     ; clk          ; clk         ; 0.000        ; 0.090      ; 0.669      ;
; 0.384 ; uart_rx:uart_rx_inst|n_reg[0]     ; uart_rx:uart_rx_inst|n_reg[0]     ; clk          ; clk         ; 0.000        ; 0.090      ; 0.669      ;
; 0.399 ; digit_pos[0]                      ; digit_pos[0]                      ; clk          ; clk         ; 0.000        ; 0.090      ; 0.684      ;
; 0.402 ; uart_rx:uart_rx_inst|s_reg[0]     ; uart_rx:uart_rx_inst|s_reg[0]     ; clk          ; clk         ; 0.000        ; 0.072      ; 0.669      ;
; 0.402 ; uart_rx:uart_rx_inst|s_reg[3]     ; uart_rx:uart_rx_inst|s_reg[3]     ; clk          ; clk         ; 0.000        ; 0.072      ; 0.669      ;
; 0.402 ; uart_rx:uart_rx_inst|s_reg[1]     ; uart_rx:uart_rx_inst|s_reg[1]     ; clk          ; clk         ; 0.000        ; 0.072      ; 0.669      ;
; 0.402 ; uart_rx:uart_rx_inst|s_reg[2]     ; uart_rx:uart_rx_inst|s_reg[2]     ; clk          ; clk         ; 0.000        ; 0.072      ; 0.669      ;
; 0.470 ; baud_gen:baud|r_reg[7]            ; baud_gen:baud|r_reg[7]            ; clk          ; clk         ; 0.000        ; 0.072      ; 0.737      ;
; 0.518 ; uart_rx:uart_rx_inst|state_reg[1] ; uart_rx:uart_rx_inst|rx_done_tick ; clk          ; clk         ; 0.000        ; 0.090      ; 0.803      ;
; 0.629 ; uart_rx:uart_rx_inst|b_reg[1]     ; uart_rx:uart_rx_inst|b_reg[0]     ; clk          ; clk         ; 0.000        ; 0.071      ; 0.895      ;
; 0.656 ; uart_rx:uart_rx_inst|b_reg[4]     ; uart_rx:uart_rx_inst|b_reg[3]     ; clk          ; clk         ; 0.000        ; 0.071      ; 0.922      ;
; 0.662 ; bcd_input[4]                      ; prev_bcd_input[4]                 ; clk          ; clk         ; 0.000        ; 0.071      ; 0.928      ;
; 0.668 ; bcd_input[3]                      ; registers[3][3]                   ; clk          ; clk         ; 0.000        ; 0.072      ; 0.935      ;
; 0.687 ; fast_counter[1]                   ; fast_counter[1]                   ; clk          ; clk         ; 0.000        ; 0.071      ; 0.953      ;
; 0.689 ; bcd_input[2]                      ; registers[0][2]                   ; clk          ; clk         ; 0.000        ; 0.073      ; 0.957      ;
; 0.691 ; fast_counter[2]                   ; fast_counter[2]                   ; clk          ; clk         ; 0.000        ; 0.071      ; 0.957      ;
; 0.694 ; bcd_input[2]                      ; registers[2][2]                   ; clk          ; clk         ; 0.000        ; 0.073      ; 0.962      ;
; 0.695 ; fast_counter[0]                   ; fast_counter[0]                   ; clk          ; clk         ; 0.000        ; 0.090      ; 0.980      ;
; 0.695 ; baud_gen:baud|r_reg[5]            ; baud_gen:baud|r_reg[5]            ; clk          ; clk         ; 0.000        ; 0.072      ; 0.962      ;
; 0.698 ; baud_gen:baud|r_reg[4]            ; baud_gen:baud|r_reg[4]            ; clk          ; clk         ; 0.000        ; 0.072      ; 0.965      ;
; 0.707 ; fast_counter[3]                   ; fast_counter[3]                   ; clk          ; clk         ; 0.000        ; 0.071      ; 0.973      ;
; 0.707 ; fast_counter[13]                  ; fast_counter[13]                  ; clk          ; clk         ; 0.000        ; 0.071      ; 0.973      ;
; 0.707 ; fast_counter[5]                   ; fast_counter[5]                   ; clk          ; clk         ; 0.000        ; 0.071      ; 0.973      ;
; 0.708 ; fast_counter[11]                  ; fast_counter[11]                  ; clk          ; clk         ; 0.000        ; 0.071      ; 0.974      ;
; 0.709 ; fast_counter[6]                   ; fast_counter[6]                   ; clk          ; clk         ; 0.000        ; 0.071      ; 0.975      ;
; 0.709 ; fast_counter[15]                  ; fast_counter[15]                  ; clk          ; clk         ; 0.000        ; 0.071      ; 0.975      ;
; 0.710 ; fast_counter[9]                   ; fast_counter[9]                   ; clk          ; clk         ; 0.000        ; 0.071      ; 0.976      ;
; 0.710 ; fast_counter[7]                   ; fast_counter[7]                   ; clk          ; clk         ; 0.000        ; 0.071      ; 0.976      ;
; 0.713 ; fast_counter[10]                  ; fast_counter[10]                  ; clk          ; clk         ; 0.000        ; 0.071      ; 0.979      ;
; 0.713 ; fast_counter[14]                  ; fast_counter[14]                  ; clk          ; clk         ; 0.000        ; 0.071      ; 0.979      ;
; 0.713 ; fast_counter[4]                   ; fast_counter[4]                   ; clk          ; clk         ; 0.000        ; 0.071      ; 0.979      ;
; 0.713 ; fast_counter[12]                  ; fast_counter[12]                  ; clk          ; clk         ; 0.000        ; 0.071      ; 0.979      ;
; 0.714 ; fast_counter[8]                   ; fast_counter[8]                   ; clk          ; clk         ; 0.000        ; 0.071      ; 0.980      ;
; 0.714 ; baud_gen:baud|r_reg[0]            ; baud_gen:baud|r_reg[0]            ; clk          ; clk         ; 0.000        ; 0.072      ; 0.981      ;
; 0.739 ; uart_rx:uart_rx_inst|state_reg[0] ; uart_rx:uart_rx_inst|rx_done_tick ; clk          ; clk         ; 0.000        ; 0.090      ; 1.024      ;
; 0.745 ; uart_rx:uart_rx_inst|n_reg[0]     ; uart_rx:uart_rx_inst|n_reg[1]     ; clk          ; clk         ; 0.000        ; 0.090      ; 1.030      ;
; 0.747 ; digit_pos[0]                      ; digit_pos[1]                      ; clk          ; clk         ; 0.000        ; 0.090      ; 1.032      ;
; 0.764 ; uart_rx:uart_rx_inst|s_reg[0]     ; uart_rx:uart_rx_inst|s_reg[1]     ; clk          ; clk         ; 0.000        ; 0.072      ; 1.031      ;
; 0.771 ; prev_bcd_input[1]                 ; new_data_flag                     ; clk          ; clk         ; 0.000        ; 0.071      ; 1.037      ;
; 0.794 ; uart_rx:uart_rx_inst|state_reg[0] ; uart_rx:uart_rx_inst|state_reg[1] ; clk          ; clk         ; 0.000        ; 0.090      ; 1.079      ;
; 0.795 ; uart_rx:uart_rx_inst|b_reg[6]     ; uart_rx:uart_rx_inst|b_reg[5]     ; clk          ; clk         ; 0.000        ; 0.072      ; 1.062      ;
; 0.818 ; prev_bcd_input[0]                 ; new_data_flag                     ; clk          ; clk         ; 0.000        ; 0.071      ; 1.084      ;
; 0.823 ; uart_rx:uart_rx_inst|state_reg[1] ; uart_rx:uart_rx_inst|n_reg[0]     ; clk          ; clk         ; 0.000        ; 0.090      ; 1.108      ;
; 0.828 ; bcd_input[0]                      ; registers[1][0]                   ; clk          ; clk         ; 0.000        ; 0.071      ; 1.094      ;
; 0.830 ; bcd_input[0]                      ; prev_bcd_input[0]                 ; clk          ; clk         ; 0.000        ; 0.071      ; 1.096      ;
; 0.847 ; bcd_input[6]                      ; prev_bcd_input[6]                 ; clk          ; clk         ; 0.000        ; 0.071      ; 1.113      ;
; 0.858 ; bcd_input[3]                      ; registers[2][3]                   ; clk          ; clk         ; 0.000        ; 0.073      ; 1.126      ;
; 0.860 ; bcd_input[3]                      ; registers[1][3]                   ; clk          ; clk         ; 0.000        ; 0.071      ; 1.126      ;
; 0.861 ; bcd_input[3]                      ; registers[0][3]                   ; clk          ; clk         ; 0.000        ; 0.073      ; 1.129      ;
; 0.866 ; uart_rx:uart_rx_inst|b_reg[0]     ; bcd_input[0]                      ; clk          ; clk         ; 0.000        ; 0.072      ; 1.133      ;
; 0.870 ; bcd_input[1]                      ; registers[2][1]                   ; clk          ; clk         ; 0.000        ; 0.073      ; 1.138      ;
; 0.872 ; bcd_input[1]                      ; registers[0][1]                   ; clk          ; clk         ; 0.000        ; 0.073      ; 1.140      ;
; 0.889 ; baud_gen:baud|r_reg[4]            ; baud_gen:baud|r_reg[2]            ; clk          ; clk         ; 0.000        ; 0.072      ; 1.156      ;
; 0.890 ; baud_gen:baud|r_reg[4]            ; baud_gen:baud|r_reg[6]            ; clk          ; clk         ; 0.000        ; 0.072      ; 1.157      ;
; 0.893 ; registers[1][0]                   ; LED[2][0]                         ; clk          ; clk         ; 0.000        ; 0.071      ; 1.159      ;
; 0.894 ; prev_bcd_input[5]                 ; new_data_flag                     ; clk          ; clk         ; 0.000        ; 0.071      ; 1.160      ;
; 0.902 ; bcd_input[2]                      ; registers[1][2]                   ; clk          ; clk         ; 0.000        ; 0.071      ; 1.168      ;
; 0.907 ; bcd_input[2]                      ; prev_bcd_input[2]                 ; clk          ; clk         ; 0.000        ; 0.071      ; 1.173      ;
; 0.910 ; registers[2][0]                   ; LED[1][0]                         ; clk          ; clk         ; 0.000        ; 0.070      ; 1.175      ;
; 0.914 ; registers[2][1]                   ; LED[1][1]                         ; clk          ; clk         ; 0.000        ; 0.070      ; 1.179      ;
; 0.919 ; bcd_input[3]                      ; prev_bcd_input[3]                 ; clk          ; clk         ; 0.000        ; 0.071      ; 1.185      ;
; 0.928 ; registers[1][2]                   ; LED[2][2]                         ; clk          ; clk         ; 0.000        ; 0.070      ; 1.193      ;
; 0.938 ; registers[1][1]                   ; LED[2][1]                         ; clk          ; clk         ; 0.000        ; 0.071      ; 1.204      ;
; 0.939 ; prev_bcd_input[4]                 ; new_data_flag                     ; clk          ; clk         ; 0.000        ; 0.071      ; 1.205      ;
; 0.961 ; uart_rx:uart_rx_inst|state_reg[0] ; uart_rx:uart_rx_inst|n_reg[0]     ; clk          ; clk         ; 0.000        ; 0.090      ; 1.246      ;
; 1.008 ; fast_counter[2]                   ; fast_counter[3]                   ; clk          ; clk         ; 0.000        ; 0.071      ; 1.274      ;
; 1.011 ; fast_counter[1]                   ; fast_counter[2]                   ; clk          ; clk         ; 0.000        ; 0.071      ; 1.277      ;
; 1.014 ; baud_gen:baud|r_reg[6]            ; baud_gen:baud|r_reg[2]            ; clk          ; clk         ; 0.000        ; 0.072      ; 1.281      ;
; 1.015 ; baud_gen:baud|r_reg[6]            ; baud_gen:baud|r_reg[6]            ; clk          ; clk         ; 0.000        ; 0.072      ; 1.282      ;
; 1.016 ; baud_gen:baud|r_reg[3]            ; baud_gen:baud|r_reg[4]            ; clk          ; clk         ; 0.000        ; 0.072      ; 1.283      ;
; 1.017 ; baud_gen:baud|r_reg[4]            ; baud_gen:baud|r_reg[5]            ; clk          ; clk         ; 0.000        ; 0.072      ; 1.284      ;
; 1.019 ; baud_gen:baud|r_reg[6]            ; baud_gen:baud|r_reg[7]            ; clk          ; clk         ; 0.000        ; 0.072      ; 1.286      ;
; 1.020 ; uart_rx:uart_rx_inst|b_reg[3]     ; uart_rx:uart_rx_inst|b_reg[2]     ; clk          ; clk         ; 0.000        ; 0.072      ; 1.287      ;
; 1.022 ; baud_gen:baud|r_reg[0]            ; baud_gen:baud|r_reg[3]            ; clk          ; clk         ; 0.000        ; 0.072      ; 1.289      ;
; 1.025 ; fast_counter[2]                   ; fast_counter[4]                   ; clk          ; clk         ; 0.000        ; 0.071      ; 1.291      ;
; 1.026 ; uart_rx:uart_rx_inst|b_reg[2]     ; uart_rx:uart_rx_inst|b_reg[1]     ; clk          ; clk         ; 0.000        ; 0.072      ; 1.293      ;
; 1.028 ; fast_counter[6]                   ; fast_counter[7]                   ; clk          ; clk         ; 0.000        ; 0.071      ; 1.294      ;
; 1.029 ; fast_counter[3]                   ; fast_counter[4]                   ; clk          ; clk         ; 0.000        ; 0.071      ; 1.295      ;
; 1.029 ; fast_counter[5]                   ; fast_counter[6]                   ; clk          ; clk         ; 0.000        ; 0.071      ; 1.295      ;
; 1.029 ; fast_counter[13]                  ; fast_counter[14]                  ; clk          ; clk         ; 0.000        ; 0.071      ; 1.295      ;
; 1.030 ; fast_counter[11]                  ; fast_counter[12]                  ; clk          ; clk         ; 0.000        ; 0.071      ; 1.296      ;
; 1.030 ; fast_counter[4]                   ; fast_counter[5]                   ; clk          ; clk         ; 0.000        ; 0.071      ; 1.296      ;
; 1.031 ; fast_counter[12]                  ; fast_counter[13]                  ; clk          ; clk         ; 0.000        ; 0.071      ; 1.297      ;
; 1.031 ; fast_counter[10]                  ; fast_counter[11]                  ; clk          ; clk         ; 0.000        ; 0.071      ; 1.297      ;
; 1.031 ; fast_counter[14]                  ; fast_counter[15]                  ; clk          ; clk         ; 0.000        ; 0.071      ; 1.297      ;
; 1.031 ; baud_gen:baud|r_reg[0]            ; baud_gen:baud|r_reg[1]            ; clk          ; clk         ; 0.000        ; 0.072      ; 1.298      ;
; 1.032 ; baud_gen:baud|r_reg[2]            ; baud_gen:baud|r_reg[4]            ; clk          ; clk         ; 0.000        ; 0.072      ; 1.299      ;
; 1.032 ; fast_counter[8]                   ; fast_counter[9]                   ; clk          ; clk         ; 0.000        ; 0.071      ; 1.298      ;
; 1.034 ; fast_counter[9]                   ; fast_counter[10]                  ; clk          ; clk         ; 0.000        ; 0.071      ; 1.300      ;
; 1.034 ; prev_bcd_input[3]                 ; new_data_flag                     ; clk          ; clk         ; 0.000        ; 0.071      ; 1.300      ;
; 1.034 ; fast_counter[7]                   ; fast_counter[8]                   ; clk          ; clk         ; 0.000        ; 0.071      ; 1.300      ;
; 1.037 ; prev_bcd_input[7]                 ; new_data_flag                     ; clk          ; clk         ; 0.000        ; 0.071      ; 1.303      ;
; 1.041 ; baud_gen:baud|r_reg[4]            ; uart_rx:uart_rx_inst|rx_done_tick ; clk          ; clk         ; 0.000        ; 0.539      ; 1.775      ;
; 1.043 ; fast_counter[6]                   ; fast_counter[8]                   ; clk          ; clk         ; 0.000        ; 0.071      ; 1.309      ;
; 1.047 ; fast_counter[12]                  ; fast_counter[14]                  ; clk          ; clk         ; 0.000        ; 0.071      ; 1.313      ;
; 1.047 ; fast_counter[4]                   ; fast_counter[6]                   ; clk          ; clk         ; 0.000        ; 0.071      ; 1.313      ;
+-------+-----------------------------------+-----------------------------------+--------------+-------------+--------------+------------+------------+


+---------------------------------------------------------------------------------------------------------------------------------------+
; Slow 1200mV 0C Model Hold: 'fast_clk'                                                                                                 ;
+-------+----------------------------+----------------------------+--------------+-------------+--------------+------------+------------+
; Slack ; From Node                  ; To Node                    ; Launch Clock ; Latch Clock ; Relationship ; Clock Skew ; Data Delay ;
+-------+----------------------------+----------------------------+--------------+-------------+--------------+------------+------------+
; 0.402 ; bit_cnt[1]                 ; bit_cnt[1]                 ; fast_clk     ; fast_clk    ; 0.000        ; 0.072      ; 0.669      ;
; 0.402 ; bit_cnt[3]                 ; bit_cnt[3]                 ; fast_clk     ; fast_clk    ; 0.000        ; 0.072      ; 0.669      ;
; 0.402 ; digit_index[0]             ; digit_index[0]             ; fast_clk     ; fast_clk    ; 0.000        ; 0.072      ; 0.669      ;
; 0.402 ; digit_index[1]             ; digit_index[1]             ; fast_clk     ; fast_clk    ; 0.000        ; 0.072      ; 0.669      ;
; 0.402 ; delay_cnt[2]               ; delay_cnt[2]               ; fast_clk     ; fast_clk    ; 0.000        ; 0.072      ; 0.669      ;
; 0.402 ; current_state.SEND_DIGIT   ; current_state.SEND_DIGIT   ; fast_clk     ; fast_clk    ; 0.000        ; 0.072      ; 0.669      ;
; 0.417 ; delay_cnt[0]               ; delay_cnt[0]               ; fast_clk     ; fast_clk    ; 0.000        ; 0.072      ; 0.684      ;
; 0.417 ; bit_cnt[0]                 ; bit_cnt[0]                 ; fast_clk     ; fast_clk    ; 0.000        ; 0.072      ; 0.684      ;
; 0.500 ; delay_cnt[0]               ; RCLK~reg0                  ; fast_clk     ; fast_clk    ; 0.000        ; 0.072      ; 0.767      ;
; 0.501 ; delay_cnt[0]               ; delay_cnt[2]               ; fast_clk     ; fast_clk    ; 0.000        ; 0.072      ; 0.768      ;
; 0.506 ; digit_index[0]             ; digit_index[1]             ; fast_clk     ; fast_clk    ; 0.000        ; 0.072      ; 0.773      ;
; 0.507 ; current_state.LATCH        ; current_state.SEND_SEGMENT ; fast_clk     ; fast_clk    ; 0.000        ; 0.072      ; 0.774      ;
; 0.509 ; current_state.LATCH        ; SCLK~reg0                  ; fast_clk     ; fast_clk    ; 0.000        ; 0.072      ; 0.776      ;
; 0.522 ; delay_cnt[0]               ; current_state.LATCH        ; fast_clk     ; fast_clk    ; 0.000        ; 0.072      ; 0.789      ;
; 0.601 ; shift_data[3]              ; shift_data[4]              ; fast_clk     ; fast_clk    ; 0.000        ; 0.071      ; 0.867      ;
; 0.602 ; shift_data[4]              ; shift_data[5]              ; fast_clk     ; fast_clk    ; 0.000        ; 0.071      ; 0.868      ;
; 0.633 ; shift_data[7]              ; DIO~reg0                   ; fast_clk     ; fast_clk    ; 0.000        ; 0.071      ; 0.899      ;
; 0.652 ; current_state.IDLE         ; DIO~reg0                   ; fast_clk     ; fast_clk    ; 0.000        ; 0.072      ; 0.919      ;
; 0.655 ; bit_cnt[3]                 ; SCLK~reg0                  ; fast_clk     ; fast_clk    ; 0.000        ; 0.072      ; 0.922      ;
; 0.680 ; current_state.SEND_DIGIT   ; delay_cnt[0]               ; fast_clk     ; fast_clk    ; 0.000        ; 0.072      ; 0.947      ;
; 0.684 ; current_state.SEND_DIGIT   ; delay_cnt[1]               ; fast_clk     ; fast_clk    ; 0.000        ; 0.072      ; 0.951      ;
; 0.696 ; LED[0][3]                  ; shift_data[3]              ; clk          ; fast_clk    ; 0.000        ; 1.231      ; 2.152      ;
; 0.730 ; bit_cnt[0]                 ; bit_cnt[1]                 ; fast_clk     ; fast_clk    ; 0.000        ; 0.072      ; 0.997      ;
; 0.741 ; delay_cnt[2]               ; current_state.LATCH        ; fast_clk     ; fast_clk    ; 0.000        ; 0.072      ; 1.008      ;
; 0.765 ; delay_cnt[2]               ; RCLK~reg0                  ; fast_clk     ; fast_clk    ; 0.000        ; 0.072      ; 1.032      ;
; 0.768 ; delay_cnt[1]               ; delay_cnt[2]               ; fast_clk     ; fast_clk    ; 0.000        ; 0.072      ; 1.035      ;
; 0.774 ; LED[0][2]                  ; shift_data[2]              ; clk          ; fast_clk    ; 0.000        ; 1.231      ; 2.230      ;
; 0.778 ; LED[0][2]                  ; shift_data[1]              ; clk          ; fast_clk    ; 0.000        ; 1.231      ; 2.234      ;
; 0.779 ; LED[0][2]                  ; shift_data[0]              ; clk          ; fast_clk    ; 0.000        ; 1.231      ; 2.235      ;
; 0.789 ; LED[0][2]                  ; shift_data[6]              ; clk          ; fast_clk    ; 0.000        ; 1.231      ; 2.245      ;
; 0.802 ; LED[0][3]                  ; shift_data[2]              ; clk          ; fast_clk    ; 0.000        ; 1.231      ; 2.258      ;
; 0.814 ; delay_cnt[1]               ; current_state.LATCH        ; fast_clk     ; fast_clk    ; 0.000        ; 0.072      ; 1.081      ;
; 0.816 ; LED[0][2]                  ; shift_data[3]              ; clk          ; fast_clk    ; 0.000        ; 1.231      ; 2.272      ;
; 0.826 ; LED[0][1]                  ; shift_data[2]              ; clk          ; fast_clk    ; 0.000        ; 1.231      ; 2.282      ;
; 0.827 ; LED[0][3]                  ; shift_data[1]              ; clk          ; fast_clk    ; 0.000        ; 1.231      ; 2.283      ;
; 0.829 ; LED[0][3]                  ; shift_data[4]              ; clk          ; fast_clk    ; 0.000        ; 1.231      ; 2.285      ;
; 0.832 ; LED[0][1]                  ; shift_data[0]              ; clk          ; fast_clk    ; 0.000        ; 1.231      ; 2.288      ;
; 0.832 ; LED[0][1]                  ; shift_data[1]              ; clk          ; fast_clk    ; 0.000        ; 1.231      ; 2.288      ;
; 0.832 ; LED[0][1]                  ; shift_data[4]              ; clk          ; fast_clk    ; 0.000        ; 1.231      ; 2.288      ;
; 0.834 ; LED[0][3]                  ; shift_data[0]              ; clk          ; fast_clk    ; 0.000        ; 1.231      ; 2.290      ;
; 0.834 ; LED[0][3]                  ; shift_data[5]              ; clk          ; fast_clk    ; 0.000        ; 1.231      ; 2.290      ;
; 0.838 ; LED[0][3]                  ; shift_data[6]              ; clk          ; fast_clk    ; 0.000        ; 1.231      ; 2.294      ;
; 0.843 ; LED[0][1]                  ; shift_data[6]              ; clk          ; fast_clk    ; 0.000        ; 1.231      ; 2.299      ;
; 0.851 ; LED[0][2]                  ; shift_data[4]              ; clk          ; fast_clk    ; 0.000        ; 1.231      ; 2.307      ;
; 0.852 ; LED[0][0]                  ; shift_data[1]              ; clk          ; fast_clk    ; 0.000        ; 1.231      ; 2.308      ;
; 0.853 ; LED[0][0]                  ; shift_data[0]              ; clk          ; fast_clk    ; 0.000        ; 1.231      ; 2.309      ;
; 0.862 ; delay_cnt[1]               ; RCLK~reg0                  ; fast_clk     ; fast_clk    ; 0.000        ; 0.072      ; 1.129      ;
; 0.866 ; LED[0][1]                  ; shift_data[3]              ; clk          ; fast_clk    ; 0.000        ; 1.231      ; 2.322      ;
; 0.874 ; current_state.IDLE         ; bit_cnt[0]                 ; fast_clk     ; fast_clk    ; 0.000        ; 0.073      ; 1.142      ;
; 0.875 ; LED[0][0]                  ; shift_data[3]              ; clk          ; fast_clk    ; 0.000        ; 1.231      ; 2.331      ;
; 0.876 ; current_state.IDLE         ; bit_cnt[1]                 ; fast_clk     ; fast_clk    ; 0.000        ; 0.073      ; 1.144      ;
; 0.877 ; current_state.SEND_SEGMENT ; bit_cnt[2]                 ; fast_clk     ; fast_clk    ; 0.000        ; 0.072      ; 1.144      ;
; 0.886 ; LED[0][2]                  ; shift_data[5]              ; clk          ; fast_clk    ; 0.000        ; 1.231      ; 2.342      ;
; 0.907 ; current_state.LATCH        ; digit_index[0]             ; fast_clk     ; fast_clk    ; 0.000        ; 0.071      ; 1.173      ;
; 0.911 ; LED[0][0]                  ; shift_data[6]              ; clk          ; fast_clk    ; 0.000        ; 1.231      ; 2.367      ;
; 0.911 ; LED[0][0]                  ; shift_data[2]              ; clk          ; fast_clk    ; 0.000        ; 1.231      ; 2.367      ;
; 0.917 ; LED[0][0]                  ; shift_data[4]              ; clk          ; fast_clk    ; 0.000        ; 1.231      ; 2.373      ;
; 0.935 ; current_state.LATCH        ; current_state.IDLE         ; fast_clk     ; fast_clk    ; 0.000        ; 0.071      ; 1.201      ;
; 0.936 ; bit_cnt[3]                 ; bit_cnt[2]                 ; fast_clk     ; fast_clk    ; 0.000        ; 0.072      ; 1.203      ;
; 0.938 ; LED[0][1]                  ; shift_data[5]              ; clk          ; fast_clk    ; 0.000        ; 1.231      ; 2.394      ;
; 0.939 ; current_state.LATCH        ; bit_cnt[3]                 ; fast_clk     ; fast_clk    ; 0.000        ; 0.072      ; 1.206      ;
; 0.945 ; LED[0][0]                  ; shift_data[5]              ; clk          ; fast_clk    ; 0.000        ; 1.231      ; 2.401      ;
; 0.966 ; current_state.SEND_DIGIT   ; bit_cnt[3]                 ; fast_clk     ; fast_clk    ; 0.000        ; 0.072      ; 1.233      ;
; 1.014 ; delay_cnt[2]               ; delay_cnt[1]               ; fast_clk     ; fast_clk    ; 0.000        ; 0.072      ; 1.281      ;
; 1.016 ; current_state.IDLE         ; current_state.SEND_SEGMENT ; fast_clk     ; fast_clk    ; 0.000        ; 0.073      ; 1.284      ;
; 1.037 ; LED[3][3]                  ; shift_data[3]              ; clk          ; fast_clk    ; 0.000        ; 1.231      ; 2.493      ;
; 1.065 ; bit_cnt[2]                 ; bit_cnt[2]                 ; fast_clk     ; fast_clk    ; 0.000        ; 0.072      ; 1.332      ;
; 1.068 ; shift_data[0]              ; shift_data[0]              ; fast_clk     ; fast_clk    ; 0.000        ; 0.072      ; 1.335      ;
; 1.087 ; LED[1][3]                  ; shift_data[3]              ; clk          ; fast_clk    ; 0.000        ; 1.231      ; 2.543      ;
; 1.087 ; delay_cnt[2]               ; delay_cnt[0]               ; fast_clk     ; fast_clk    ; 0.000        ; 0.072      ; 1.354      ;
; 1.115 ; LED[3][2]                  ; shift_data[2]              ; clk          ; fast_clk    ; 0.000        ; 1.231      ; 2.571      ;
; 1.119 ; LED[3][2]                  ; shift_data[1]              ; clk          ; fast_clk    ; 0.000        ; 1.231      ; 2.575      ;
; 1.120 ; LED[3][2]                  ; shift_data[0]              ; clk          ; fast_clk    ; 0.000        ; 1.231      ; 2.576      ;
; 1.130 ; LED[3][2]                  ; shift_data[6]              ; clk          ; fast_clk    ; 0.000        ; 1.231      ; 2.586      ;
; 1.134 ; current_state.IDLE         ; bit_cnt[2]                 ; fast_clk     ; fast_clk    ; 0.000        ; 0.073      ; 1.402      ;
; 1.136 ; LED[1][1]                  ; shift_data[4]              ; clk          ; fast_clk    ; 0.000        ; 1.231      ; 2.592      ;
; 1.143 ; LED[3][3]                  ; shift_data[2]              ; clk          ; fast_clk    ; 0.000        ; 1.231      ; 2.599      ;
; 1.149 ; current_state.LATCH        ; digit_index[1]             ; fast_clk     ; fast_clk    ; 0.000        ; 0.071      ; 1.415      ;
; 1.150 ; LED[2][2]                  ; shift_data[2]              ; clk          ; fast_clk    ; 0.000        ; 1.231      ; 2.606      ;
; 1.154 ; LED[2][2]                  ; shift_data[1]              ; clk          ; fast_clk    ; 0.000        ; 1.231      ; 2.610      ;
; 1.155 ; LED[2][2]                  ; shift_data[0]              ; clk          ; fast_clk    ; 0.000        ; 1.231      ; 2.611      ;
; 1.155 ; current_state.SEND_SEGMENT ; current_state.SEND_DIGIT   ; fast_clk     ; fast_clk    ; 0.000        ; 0.072      ; 1.422      ;
; 1.157 ; LED[3][2]                  ; shift_data[3]              ; clk          ; fast_clk    ; 0.000        ; 1.231      ; 2.613      ;
; 1.163 ; current_state.LATCH        ; DIO~reg0                   ; fast_clk     ; fast_clk    ; 0.000        ; 0.071      ; 1.429      ;
; 1.165 ; LED[2][2]                  ; shift_data[6]              ; clk          ; fast_clk    ; 0.000        ; 1.231      ; 2.621      ;
; 1.166 ; LED[3][1]                  ; shift_data[2]              ; clk          ; fast_clk    ; 0.000        ; 1.231      ; 2.622      ;
; 1.168 ; LED[3][3]                  ; shift_data[1]              ; clk          ; fast_clk    ; 0.000        ; 1.231      ; 2.624      ;
; 1.170 ; LED[3][3]                  ; shift_data[4]              ; clk          ; fast_clk    ; 0.000        ; 1.231      ; 2.626      ;
; 1.172 ; LED[3][1]                  ; shift_data[1]              ; clk          ; fast_clk    ; 0.000        ; 1.231      ; 2.628      ;
; 1.172 ; LED[3][1]                  ; shift_data[0]              ; clk          ; fast_clk    ; 0.000        ; 1.231      ; 2.628      ;
; 1.175 ; LED[3][3]                  ; shift_data[5]              ; clk          ; fast_clk    ; 0.000        ; 1.231      ; 2.631      ;
; 1.175 ; LED[3][3]                  ; shift_data[0]              ; clk          ; fast_clk    ; 0.000        ; 1.231      ; 2.631      ;
; 1.175 ; LED[3][1]                  ; shift_data[4]              ; clk          ; fast_clk    ; 0.000        ; 1.231      ; 2.631      ;
; 1.178 ; delay_cnt[1]               ; delay_cnt[1]               ; fast_clk     ; fast_clk    ; 0.000        ; 0.072      ; 1.445      ;
; 1.179 ; LED[3][3]                  ; shift_data[6]              ; clk          ; fast_clk    ; 0.000        ; 1.231      ; 2.635      ;
; 1.183 ; LED[3][1]                  ; shift_data[6]              ; clk          ; fast_clk    ; 0.000        ; 1.231      ; 2.639      ;
; 1.184 ; current_state.IDLE         ; SCLK~reg0                  ; fast_clk     ; fast_clk    ; 0.000        ; 0.073      ; 1.452      ;
; 1.188 ; LED[1][3]                  ; shift_data[5]              ; clk          ; fast_clk    ; 0.000        ; 1.231      ; 2.644      ;
; 1.191 ; LED[1][3]                  ; shift_data[4]              ; clk          ; fast_clk    ; 0.000        ; 1.231      ; 2.647      ;
; 1.192 ; LED[3][2]                  ; shift_data[4]              ; clk          ; fast_clk    ; 0.000        ; 1.231      ; 2.648      ;
+-------+----------------------------+----------------------------+--------------+-------------+--------------+------------+------------+


----------------------------------------------
; Slow 1200mV 0C Model Metastability Summary ;
----------------------------------------------
No synchronizer chains to report.


+------------------------------------+
; Fast 1200mV 0C Model Setup Summary ;
+----------+--------+----------------+
; Clock    ; Slack  ; End Point TNS  ;
+----------+--------+----------------+
; clk      ; -1.013 ; -38.682        ;
; fast_clk ; -0.764 ; -7.119         ;
+----------+--------+----------------+


+-----------------------------------+
; Fast 1200mV 0C Model Hold Summary ;
+----------+-------+----------------+
; Clock    ; Slack ; End Point TNS  ;
+----------+-------+----------------+
; clk      ; 0.177 ; 0.000          ;
; fast_clk ; 0.186 ; 0.000          ;
+----------+-------+----------------+


-----------------------------------------
; Fast 1200mV 0C Model Recovery Summary ;
-----------------------------------------
No paths to report.


----------------------------------------
; Fast 1200mV 0C Model Removal Summary ;
----------------------------------------
No paths to report.


+--------------------------------------------------+
; Fast 1200mV 0C Model Minimum Pulse Width Summary ;
+----------+--------+------------------------------+
; Clock    ; Slack  ; End Point TNS                ;
+----------+--------+------------------------------+
; clk      ; -3.000 ; -125.866                     ;
; fast_clk ; -1.000 ; -24.000                      ;
+----------+--------+------------------------------+


+--------------------------------------------------------------------------------------------------------------------------------------------------+
; Fast 1200mV 0C Model Setup: 'clk'                                                                                                                ;
+--------+-----------------------------------+-------------------------------+--------------+-------------+--------------+------------+------------+
; Slack  ; From Node                         ; To Node                       ; Launch Clock ; Latch Clock ; Relationship ; Clock Skew ; Data Delay ;
+--------+-----------------------------------+-------------------------------+--------------+-------------+--------------+------------+------------+
; -1.013 ; fast_counter[6]                   ; fast_clk                      ; clk          ; clk         ; 1.000        ; -0.038     ; 1.962      ;
; -0.971 ; fast_counter[11]                  ; fast_clk                      ; clk          ; clk         ; 1.000        ; -0.038     ; 1.920      ;
; -0.948 ; fast_counter[10]                  ; fast_clk                      ; clk          ; clk         ; 1.000        ; -0.038     ; 1.897      ;
; -0.940 ; fast_counter[8]                   ; fast_clk                      ; clk          ; clk         ; 1.000        ; -0.038     ; 1.889      ;
; -0.882 ; fast_counter[4]                   ; fast_clk                      ; clk          ; clk         ; 1.000        ; -0.038     ; 1.831      ;
; -0.826 ; fast_counter[13]                  ; fast_clk                      ; clk          ; clk         ; 1.000        ; -0.038     ; 1.775      ;
; -0.822 ; fast_counter[14]                  ; fast_clk                      ; clk          ; clk         ; 1.000        ; -0.038     ; 1.771      ;
; -0.805 ; fast_counter[15]                  ; fast_clk                      ; clk          ; clk         ; 1.000        ; -0.038     ; 1.754      ;
; -0.787 ; fast_counter[7]                   ; fast_clk                      ; clk          ; clk         ; 1.000        ; -0.038     ; 1.736      ;
; -0.786 ; fast_counter[9]                   ; fast_clk                      ; clk          ; clk         ; 1.000        ; -0.038     ; 1.735      ;
; -0.767 ; fast_counter[3]                   ; fast_clk                      ; clk          ; clk         ; 1.000        ; -0.038     ; 1.716      ;
; -0.734 ; bcd_input[2]                      ; registers[1][1]               ; clk          ; clk         ; 1.000        ; -0.038     ; 1.683      ;
; -0.734 ; bcd_input[2]                      ; registers[1][0]               ; clk          ; clk         ; 1.000        ; -0.038     ; 1.683      ;
; -0.734 ; bcd_input[2]                      ; registers[1][3]               ; clk          ; clk         ; 1.000        ; -0.038     ; 1.683      ;
; -0.734 ; bcd_input[2]                      ; registers[1][2]               ; clk          ; clk         ; 1.000        ; -0.038     ; 1.683      ;
; -0.732 ; bcd_input[2]                      ; registers[0][1]               ; clk          ; clk         ; 1.000        ; -0.037     ; 1.682      ;
; -0.732 ; bcd_input[2]                      ; registers[0][2]               ; clk          ; clk         ; 1.000        ; -0.037     ; 1.682      ;
; -0.732 ; bcd_input[2]                      ; registers[0][0]               ; clk          ; clk         ; 1.000        ; -0.037     ; 1.682      ;
; -0.732 ; bcd_input[2]                      ; registers[0][3]               ; clk          ; clk         ; 1.000        ; -0.037     ; 1.682      ;
; -0.727 ; fast_counter[5]                   ; fast_clk                      ; clk          ; clk         ; 1.000        ; -0.038     ; 1.676      ;
; -0.717 ; bcd_input[2]                      ; registers[2][1]               ; clk          ; clk         ; 1.000        ; -0.037     ; 1.667      ;
; -0.717 ; bcd_input[2]                      ; registers[2][2]               ; clk          ; clk         ; 1.000        ; -0.037     ; 1.667      ;
; -0.717 ; bcd_input[2]                      ; registers[2][0]               ; clk          ; clk         ; 1.000        ; -0.037     ; 1.667      ;
; -0.717 ; bcd_input[2]                      ; registers[2][3]               ; clk          ; clk         ; 1.000        ; -0.037     ; 1.667      ;
; -0.671 ; fast_counter[12]                  ; fast_clk                      ; clk          ; clk         ; 1.000        ; -0.038     ; 1.620      ;
; -0.657 ; bcd_input[2]                      ; registers[3][2]               ; clk          ; clk         ; 1.000        ; -0.037     ; 1.607      ;
; -0.657 ; bcd_input[2]                      ; registers[3][1]               ; clk          ; clk         ; 1.000        ; -0.037     ; 1.607      ;
; -0.657 ; bcd_input[2]                      ; registers[3][0]               ; clk          ; clk         ; 1.000        ; -0.037     ; 1.607      ;
; -0.657 ; bcd_input[2]                      ; registers[3][3]               ; clk          ; clk         ; 1.000        ; -0.037     ; 1.607      ;
; -0.626 ; bcd_input[2]                      ; digit_pos[0]                  ; clk          ; clk         ; 1.000        ; 0.154      ; 1.767      ;
; -0.626 ; bcd_input[2]                      ; digit_pos[1]                  ; clk          ; clk         ; 1.000        ; 0.154      ; 1.767      ;
; -0.611 ; bcd_input[5]                      ; registers[1][2]               ; clk          ; clk         ; 1.000        ; -0.038     ; 1.560      ;
; -0.611 ; bcd_input[5]                      ; registers[1][1]               ; clk          ; clk         ; 1.000        ; -0.038     ; 1.560      ;
; -0.611 ; bcd_input[5]                      ; registers[1][3]               ; clk          ; clk         ; 1.000        ; -0.038     ; 1.560      ;
; -0.611 ; bcd_input[5]                      ; registers[1][0]               ; clk          ; clk         ; 1.000        ; -0.038     ; 1.560      ;
; -0.608 ; bcd_input[5]                      ; registers[0][2]               ; clk          ; clk         ; 1.000        ; -0.037     ; 1.558      ;
; -0.608 ; bcd_input[5]                      ; registers[0][1]               ; clk          ; clk         ; 1.000        ; -0.037     ; 1.558      ;
; -0.608 ; bcd_input[5]                      ; registers[0][3]               ; clk          ; clk         ; 1.000        ; -0.037     ; 1.558      ;
; -0.608 ; bcd_input[5]                      ; registers[0][0]               ; clk          ; clk         ; 1.000        ; -0.037     ; 1.558      ;
; -0.605 ; bcd_input[7]                      ; LED[3][2]                     ; clk          ; clk         ; 1.000        ; -0.039     ; 1.553      ;
; -0.605 ; bcd_input[7]                      ; LED[0][2]                     ; clk          ; clk         ; 1.000        ; -0.039     ; 1.553      ;
; -0.605 ; bcd_input[7]                      ; LED[1][2]                     ; clk          ; clk         ; 1.000        ; -0.039     ; 1.553      ;
; -0.605 ; bcd_input[7]                      ; LED[1][3]                     ; clk          ; clk         ; 1.000        ; -0.039     ; 1.553      ;
; -0.605 ; bcd_input[7]                      ; LED[2][3]                     ; clk          ; clk         ; 1.000        ; -0.039     ; 1.553      ;
; -0.605 ; bcd_input[7]                      ; LED[0][3]                     ; clk          ; clk         ; 1.000        ; -0.039     ; 1.553      ;
; -0.605 ; bcd_input[7]                      ; LED[3][3]                     ; clk          ; clk         ; 1.000        ; -0.039     ; 1.553      ;
; -0.605 ; bcd_input[7]                      ; LED[2][2]                     ; clk          ; clk         ; 1.000        ; -0.039     ; 1.553      ;
; -0.584 ; bcd_input[5]                      ; registers[2][1]               ; clk          ; clk         ; 1.000        ; -0.037     ; 1.534      ;
; -0.584 ; bcd_input[5]                      ; registers[2][2]               ; clk          ; clk         ; 1.000        ; -0.037     ; 1.534      ;
; -0.584 ; bcd_input[5]                      ; registers[2][0]               ; clk          ; clk         ; 1.000        ; -0.037     ; 1.534      ;
; -0.584 ; bcd_input[5]                      ; registers[2][3]               ; clk          ; clk         ; 1.000        ; -0.037     ; 1.534      ;
; -0.575 ; bcd_input[3]                      ; registers[1][2]               ; clk          ; clk         ; 1.000        ; -0.038     ; 1.524      ;
; -0.575 ; bcd_input[3]                      ; registers[1][1]               ; clk          ; clk         ; 1.000        ; -0.038     ; 1.524      ;
; -0.575 ; bcd_input[3]                      ; registers[1][0]               ; clk          ; clk         ; 1.000        ; -0.038     ; 1.524      ;
; -0.575 ; bcd_input[3]                      ; registers[1][3]               ; clk          ; clk         ; 1.000        ; -0.038     ; 1.524      ;
; -0.573 ; bcd_input[3]                      ; registers[0][2]               ; clk          ; clk         ; 1.000        ; -0.037     ; 1.523      ;
; -0.573 ; bcd_input[3]                      ; registers[0][1]               ; clk          ; clk         ; 1.000        ; -0.037     ; 1.523      ;
; -0.573 ; bcd_input[3]                      ; registers[0][0]               ; clk          ; clk         ; 1.000        ; -0.037     ; 1.523      ;
; -0.573 ; bcd_input[3]                      ; registers[0][3]               ; clk          ; clk         ; 1.000        ; -0.037     ; 1.523      ;
; -0.558 ; bcd_input[3]                      ; registers[2][2]               ; clk          ; clk         ; 1.000        ; -0.037     ; 1.508      ;
; -0.558 ; bcd_input[3]                      ; registers[2][1]               ; clk          ; clk         ; 1.000        ; -0.037     ; 1.508      ;
; -0.558 ; bcd_input[3]                      ; registers[2][3]               ; clk          ; clk         ; 1.000        ; -0.037     ; 1.508      ;
; -0.558 ; bcd_input[3]                      ; registers[2][0]               ; clk          ; clk         ; 1.000        ; -0.037     ; 1.508      ;
; -0.530 ; uart_rx:uart_rx_inst|state_reg[0] ; uart_rx:uart_rx_inst|b_reg[0] ; clk          ; clk         ; 1.000        ; -0.240     ; 1.277      ;
; -0.530 ; uart_rx:uart_rx_inst|state_reg[0] ; uart_rx:uart_rx_inst|b_reg[3] ; clk          ; clk         ; 1.000        ; -0.240     ; 1.277      ;
; -0.527 ; uart_rx:uart_rx_inst|state_reg[1] ; uart_rx:uart_rx_inst|b_reg[0] ; clk          ; clk         ; 1.000        ; -0.240     ; 1.274      ;
; -0.527 ; uart_rx:uart_rx_inst|state_reg[1] ; uart_rx:uart_rx_inst|b_reg[3] ; clk          ; clk         ; 1.000        ; -0.240     ; 1.274      ;
; -0.526 ; digit_pos[0]                      ; registers[3][2]               ; clk          ; clk         ; 1.000        ; -0.236     ; 1.277      ;
; -0.526 ; digit_pos[0]                      ; registers[3][1]               ; clk          ; clk         ; 1.000        ; -0.236     ; 1.277      ;
; -0.526 ; digit_pos[0]                      ; registers[3][3]               ; clk          ; clk         ; 1.000        ; -0.236     ; 1.277      ;
; -0.526 ; digit_pos[0]                      ; registers[3][0]               ; clk          ; clk         ; 1.000        ; -0.236     ; 1.277      ;
; -0.523 ; bcd_input[5]                      ; registers[3][2]               ; clk          ; clk         ; 1.000        ; -0.037     ; 1.473      ;
; -0.523 ; bcd_input[5]                      ; registers[3][3]               ; clk          ; clk         ; 1.000        ; -0.037     ; 1.473      ;
; -0.523 ; bcd_input[5]                      ; registers[3][0]               ; clk          ; clk         ; 1.000        ; -0.037     ; 1.473      ;
; -0.523 ; bcd_input[5]                      ; registers[3][1]               ; clk          ; clk         ; 1.000        ; -0.037     ; 1.473      ;
; -0.516 ; bcd_input[2]                      ; LED[0][3]                     ; clk          ; clk         ; 1.000        ; -0.039     ; 1.464      ;
; -0.516 ; bcd_input[2]                      ; LED[3][3]                     ; clk          ; clk         ; 1.000        ; -0.039     ; 1.464      ;
; -0.516 ; bcd_input[2]                      ; LED[1][3]                     ; clk          ; clk         ; 1.000        ; -0.039     ; 1.464      ;
; -0.516 ; bcd_input[2]                      ; LED[2][3]                     ; clk          ; clk         ; 1.000        ; -0.039     ; 1.464      ;
; -0.516 ; bcd_input[2]                      ; LED[2][2]                     ; clk          ; clk         ; 1.000        ; -0.039     ; 1.464      ;
; -0.516 ; bcd_input[2]                      ; LED[0][2]                     ; clk          ; clk         ; 1.000        ; -0.039     ; 1.464      ;
; -0.516 ; bcd_input[2]                      ; LED[1][2]                     ; clk          ; clk         ; 1.000        ; -0.039     ; 1.464      ;
; -0.516 ; bcd_input[2]                      ; LED[3][2]                     ; clk          ; clk         ; 1.000        ; -0.039     ; 1.464      ;
; -0.512 ; digit_pos[0]                      ; registers[0][3]               ; clk          ; clk         ; 1.000        ; -0.236     ; 1.263      ;
; -0.512 ; digit_pos[0]                      ; registers[0][1]               ; clk          ; clk         ; 1.000        ; -0.236     ; 1.263      ;
; -0.512 ; digit_pos[0]                      ; registers[0][2]               ; clk          ; clk         ; 1.000        ; -0.236     ; 1.263      ;
; -0.512 ; digit_pos[0]                      ; registers[0][0]               ; clk          ; clk         ; 1.000        ; -0.236     ; 1.263      ;
; -0.512 ; digit_pos[0]                      ; registers[2][1]               ; clk          ; clk         ; 1.000        ; -0.236     ; 1.263      ;
; -0.512 ; digit_pos[0]                      ; registers[2][3]               ; clk          ; clk         ; 1.000        ; -0.236     ; 1.263      ;
; -0.512 ; digit_pos[0]                      ; registers[2][0]               ; clk          ; clk         ; 1.000        ; -0.236     ; 1.263      ;
; -0.512 ; digit_pos[0]                      ; registers[2][2]               ; clk          ; clk         ; 1.000        ; -0.236     ; 1.263      ;
; -0.511 ; bcd_input[7]                      ; registers[1][0]               ; clk          ; clk         ; 1.000        ; -0.038     ; 1.460      ;
; -0.511 ; bcd_input[7]                      ; registers[1][1]               ; clk          ; clk         ; 1.000        ; -0.038     ; 1.460      ;
; -0.511 ; bcd_input[7]                      ; registers[1][3]               ; clk          ; clk         ; 1.000        ; -0.038     ; 1.460      ;
; -0.511 ; bcd_input[7]                      ; registers[1][2]               ; clk          ; clk         ; 1.000        ; -0.038     ; 1.460      ;
; -0.509 ; bcd_input[7]                      ; registers[0][1]               ; clk          ; clk         ; 1.000        ; -0.037     ; 1.459      ;
; -0.509 ; bcd_input[7]                      ; registers[0][2]               ; clk          ; clk         ; 1.000        ; -0.037     ; 1.459      ;
; -0.509 ; bcd_input[7]                      ; registers[0][0]               ; clk          ; clk         ; 1.000        ; -0.037     ; 1.459      ;
; -0.509 ; bcd_input[7]                      ; registers[0][3]               ; clk          ; clk         ; 1.000        ; -0.037     ; 1.459      ;
; -0.500 ; baud_gen:baud|r_reg[7]            ; uart_rx:uart_rx_inst|s_reg[1] ; clk          ; clk         ; 1.000        ; -0.036     ; 1.451      ;
+--------+-----------------------------------+-------------------------------+--------------+-------------+--------------+------------+------------+


+----------------------------------------------------------------------------------------------------------------------------------------+
; Fast 1200mV 0C Model Setup: 'fast_clk'                                                                                                 ;
+--------+----------------------------+----------------------------+--------------+-------------+--------------+------------+------------+
; Slack  ; From Node                  ; To Node                    ; Launch Clock ; Latch Clock ; Relationship ; Clock Skew ; Data Delay ;
+--------+----------------------------+----------------------------+--------------+-------------+--------------+------------+------------+
; -0.764 ; digit_index[0]             ; shift_data[5]              ; fast_clk     ; fast_clk    ; 1.000        ; -0.037     ; 1.714      ;
; -0.761 ; digit_index[0]             ; shift_data[6]              ; fast_clk     ; fast_clk    ; 1.000        ; -0.038     ; 1.710      ;
; -0.759 ; digit_index[1]             ; shift_data[5]              ; fast_clk     ; fast_clk    ; 1.000        ; -0.037     ; 1.709      ;
; -0.756 ; digit_index[0]             ; shift_data[0]              ; fast_clk     ; fast_clk    ; 1.000        ; -0.038     ; 1.705      ;
; -0.753 ; digit_index[1]             ; shift_data[4]              ; fast_clk     ; fast_clk    ; 1.000        ; -0.037     ; 1.703      ;
; -0.744 ; digit_index[0]             ; shift_data[4]              ; fast_clk     ; fast_clk    ; 1.000        ; -0.037     ; 1.694      ;
; -0.737 ; digit_index[0]             ; shift_data[1]              ; fast_clk     ; fast_clk    ; 1.000        ; -0.038     ; 1.686      ;
; -0.736 ; digit_index[0]             ; shift_data[2]              ; fast_clk     ; fast_clk    ; 1.000        ; -0.038     ; 1.685      ;
; -0.711 ; digit_index[0]             ; shift_data[3]              ; fast_clk     ; fast_clk    ; 1.000        ; -0.037     ; 1.661      ;
; -0.705 ; digit_index[1]             ; shift_data[3]              ; fast_clk     ; fast_clk    ; 1.000        ; -0.037     ; 1.655      ;
; -0.682 ; digit_index[1]             ; shift_data[0]              ; fast_clk     ; fast_clk    ; 1.000        ; -0.038     ; 1.631      ;
; -0.673 ; digit_index[1]             ; shift_data[6]              ; fast_clk     ; fast_clk    ; 1.000        ; -0.038     ; 1.622      ;
; -0.666 ; digit_index[1]             ; shift_data[1]              ; fast_clk     ; fast_clk    ; 1.000        ; -0.038     ; 1.615      ;
; -0.663 ; digit_index[1]             ; shift_data[2]              ; fast_clk     ; fast_clk    ; 1.000        ; -0.038     ; 1.612      ;
; -0.483 ; current_state.IDLE         ; shift_data[1]              ; fast_clk     ; fast_clk    ; 1.000        ; -0.038     ; 1.432      ;
; -0.477 ; bit_cnt[3]                 ; shift_data[6]              ; fast_clk     ; fast_clk    ; 1.000        ; -0.039     ; 1.425      ;
; -0.477 ; bit_cnt[3]                 ; shift_data[1]              ; fast_clk     ; fast_clk    ; 1.000        ; -0.039     ; 1.425      ;
; -0.477 ; bit_cnt[3]                 ; shift_data[2]              ; fast_clk     ; fast_clk    ; 1.000        ; -0.039     ; 1.425      ;
; -0.473 ; bit_cnt[3]                 ; shift_data[4]              ; fast_clk     ; fast_clk    ; 1.000        ; -0.038     ; 1.422      ;
; -0.473 ; bit_cnt[3]                 ; shift_data[3]              ; fast_clk     ; fast_clk    ; 1.000        ; -0.038     ; 1.422      ;
; -0.473 ; bit_cnt[3]                 ; shift_data[5]              ; fast_clk     ; fast_clk    ; 1.000        ; -0.038     ; 1.422      ;
; -0.449 ; current_state.IDLE         ; shift_data[2]              ; fast_clk     ; fast_clk    ; 1.000        ; -0.038     ; 1.398      ;
; -0.442 ; current_state.SEND_SEGMENT ; shift_data[2]              ; fast_clk     ; fast_clk    ; 1.000        ; -0.039     ; 1.390      ;
; -0.442 ; current_state.SEND_SEGMENT ; shift_data[6]              ; fast_clk     ; fast_clk    ; 1.000        ; -0.039     ; 1.390      ;
; -0.442 ; current_state.SEND_SEGMENT ; shift_data[1]              ; fast_clk     ; fast_clk    ; 1.000        ; -0.039     ; 1.390      ;
; -0.438 ; current_state.SEND_SEGMENT ; shift_data[3]              ; fast_clk     ; fast_clk    ; 1.000        ; -0.038     ; 1.387      ;
; -0.438 ; current_state.SEND_SEGMENT ; shift_data[5]              ; fast_clk     ; fast_clk    ; 1.000        ; -0.038     ; 1.387      ;
; -0.438 ; current_state.SEND_SEGMENT ; shift_data[4]              ; fast_clk     ; fast_clk    ; 1.000        ; -0.038     ; 1.387      ;
; -0.368 ; delay_cnt[1]               ; shift_data[6]              ; fast_clk     ; fast_clk    ; 1.000        ; -0.039     ; 1.316      ;
; -0.368 ; delay_cnt[1]               ; shift_data[2]              ; fast_clk     ; fast_clk    ; 1.000        ; -0.039     ; 1.316      ;
; -0.368 ; delay_cnt[1]               ; shift_data[1]              ; fast_clk     ; fast_clk    ; 1.000        ; -0.039     ; 1.316      ;
; -0.367 ; current_state.IDLE         ; shift_data[3]              ; fast_clk     ; fast_clk    ; 1.000        ; -0.037     ; 1.317      ;
; -0.364 ; delay_cnt[1]               ; shift_data[5]              ; fast_clk     ; fast_clk    ; 1.000        ; -0.038     ; 1.313      ;
; -0.364 ; delay_cnt[1]               ; shift_data[3]              ; fast_clk     ; fast_clk    ; 1.000        ; -0.038     ; 1.313      ;
; -0.364 ; delay_cnt[1]               ; shift_data[4]              ; fast_clk     ; fast_clk    ; 1.000        ; -0.038     ; 1.313      ;
; -0.352 ; delay_cnt[2]               ; shift_data[2]              ; fast_clk     ; fast_clk    ; 1.000        ; -0.039     ; 1.300      ;
; -0.352 ; delay_cnt[2]               ; shift_data[6]              ; fast_clk     ; fast_clk    ; 1.000        ; -0.039     ; 1.300      ;
; -0.352 ; delay_cnt[2]               ; shift_data[1]              ; fast_clk     ; fast_clk    ; 1.000        ; -0.039     ; 1.300      ;
; -0.348 ; delay_cnt[2]               ; shift_data[3]              ; fast_clk     ; fast_clk    ; 1.000        ; -0.038     ; 1.297      ;
; -0.348 ; delay_cnt[2]               ; shift_data[4]              ; fast_clk     ; fast_clk    ; 1.000        ; -0.038     ; 1.297      ;
; -0.348 ; delay_cnt[2]               ; shift_data[5]              ; fast_clk     ; fast_clk    ; 1.000        ; -0.038     ; 1.297      ;
; -0.343 ; bit_cnt[3]                 ; bit_cnt[2]                 ; fast_clk     ; fast_clk    ; 1.000        ; -0.036     ; 1.294      ;
; -0.343 ; bit_cnt[3]                 ; bit_cnt[0]                 ; fast_clk     ; fast_clk    ; 1.000        ; -0.036     ; 1.294      ;
; -0.343 ; bit_cnt[3]                 ; bit_cnt[1]                 ; fast_clk     ; fast_clk    ; 1.000        ; -0.036     ; 1.294      ;
; -0.308 ; current_state.SEND_DIGIT   ; shift_data[1]              ; fast_clk     ; fast_clk    ; 1.000        ; -0.040     ; 1.255      ;
; -0.308 ; current_state.SEND_DIGIT   ; shift_data[2]              ; fast_clk     ; fast_clk    ; 1.000        ; -0.040     ; 1.255      ;
; -0.308 ; current_state.SEND_DIGIT   ; shift_data[6]              ; fast_clk     ; fast_clk    ; 1.000        ; -0.040     ; 1.255      ;
; -0.304 ; current_state.SEND_DIGIT   ; shift_data[3]              ; fast_clk     ; fast_clk    ; 1.000        ; -0.039     ; 1.252      ;
; -0.304 ; current_state.SEND_DIGIT   ; shift_data[4]              ; fast_clk     ; fast_clk    ; 1.000        ; -0.039     ; 1.252      ;
; -0.304 ; current_state.SEND_DIGIT   ; shift_data[5]              ; fast_clk     ; fast_clk    ; 1.000        ; -0.039     ; 1.252      ;
; -0.303 ; bit_cnt[3]                 ; shift_data[7]              ; fast_clk     ; fast_clk    ; 1.000        ; -0.037     ; 1.253      ;
; -0.298 ; delay_cnt[2]               ; bit_cnt[1]                 ; fast_clk     ; fast_clk    ; 1.000        ; -0.036     ; 1.249      ;
; -0.298 ; delay_cnt[2]               ; bit_cnt[0]                 ; fast_clk     ; fast_clk    ; 1.000        ; -0.036     ; 1.249      ;
; -0.298 ; delay_cnt[2]               ; bit_cnt[2]                 ; fast_clk     ; fast_clk    ; 1.000        ; -0.036     ; 1.249      ;
; -0.296 ; current_state.SEND_SEGMENT ; shift_data[0]              ; fast_clk     ; fast_clk    ; 1.000        ; -0.039     ; 1.244      ;
; -0.295 ; current_state.SEND_SEGMENT ; bit_cnt[1]                 ; fast_clk     ; fast_clk    ; 1.000        ; -0.036     ; 1.246      ;
; -0.295 ; current_state.SEND_SEGMENT ; bit_cnt[0]                 ; fast_clk     ; fast_clk    ; 1.000        ; -0.036     ; 1.246      ;
; -0.295 ; current_state.SEND_SEGMENT ; bit_cnt[2]                 ; fast_clk     ; fast_clk    ; 1.000        ; -0.036     ; 1.246      ;
; -0.275 ; bit_cnt[3]                 ; shift_data[0]              ; fast_clk     ; fast_clk    ; 1.000        ; -0.039     ; 1.223      ;
; -0.274 ; current_state.SEND_SEGMENT ; shift_data[7]              ; fast_clk     ; fast_clk    ; 1.000        ; -0.037     ; 1.224      ;
; -0.266 ; current_state.SEND_DIGIT   ; bit_cnt[0]                 ; fast_clk     ; fast_clk    ; 1.000        ; -0.037     ; 1.216      ;
; -0.266 ; current_state.SEND_DIGIT   ; bit_cnt[1]                 ; fast_clk     ; fast_clk    ; 1.000        ; -0.037     ; 1.216      ;
; -0.266 ; current_state.SEND_DIGIT   ; bit_cnt[2]                 ; fast_clk     ; fast_clk    ; 1.000        ; -0.037     ; 1.216      ;
; -0.255 ; delay_cnt[1]               ; bit_cnt[0]                 ; fast_clk     ; fast_clk    ; 1.000        ; -0.036     ; 1.206      ;
; -0.255 ; delay_cnt[1]               ; bit_cnt[2]                 ; fast_clk     ; fast_clk    ; 1.000        ; -0.036     ; 1.206      ;
; -0.255 ; delay_cnt[1]               ; bit_cnt[1]                 ; fast_clk     ; fast_clk    ; 1.000        ; -0.036     ; 1.206      ;
; -0.249 ; current_state.SEND_SEGMENT ; bit_cnt[3]                 ; fast_clk     ; fast_clk    ; 1.000        ; -0.037     ; 1.199      ;
; -0.217 ; LED[2][1]                  ; shift_data[5]              ; clk          ; fast_clk    ; 1.000        ; 0.494      ; 1.688      ;
; -0.210 ; current_state.LATCH        ; shift_data[6]              ; fast_clk     ; fast_clk    ; 1.000        ; -0.039     ; 1.158      ;
; -0.210 ; current_state.LATCH        ; shift_data[2]              ; fast_clk     ; fast_clk    ; 1.000        ; -0.039     ; 1.158      ;
; -0.210 ; current_state.LATCH        ; shift_data[1]              ; fast_clk     ; fast_clk    ; 1.000        ; -0.039     ; 1.158      ;
; -0.206 ; current_state.LATCH        ; shift_data[5]              ; fast_clk     ; fast_clk    ; 1.000        ; -0.038     ; 1.155      ;
; -0.206 ; current_state.LATCH        ; shift_data[3]              ; fast_clk     ; fast_clk    ; 1.000        ; -0.038     ; 1.155      ;
; -0.206 ; current_state.LATCH        ; shift_data[4]              ; fast_clk     ; fast_clk    ; 1.000        ; -0.038     ; 1.155      ;
; -0.195 ; shift_data[2]              ; shift_data[3]              ; fast_clk     ; fast_clk    ; 1.000        ; -0.036     ; 1.146      ;
; -0.194 ; delay_cnt[1]               ; shift_data[7]              ; fast_clk     ; fast_clk    ; 1.000        ; -0.037     ; 1.144      ;
; -0.189 ; current_state.IDLE         ; shift_data[5]              ; fast_clk     ; fast_clk    ; 1.000        ; -0.037     ; 1.139      ;
; -0.181 ; delay_cnt[1]               ; bit_cnt[3]                 ; fast_clk     ; fast_clk    ; 1.000        ; -0.037     ; 1.131      ;
; -0.178 ; delay_cnt[2]               ; shift_data[7]              ; fast_clk     ; fast_clk    ; 1.000        ; -0.037     ; 1.128      ;
; -0.167 ; delay_cnt[2]               ; current_state.SEND_SEGMENT ; fast_clk     ; fast_clk    ; 1.000        ; -0.037     ; 1.117      ;
; -0.163 ; LED[2][0]                  ; shift_data[5]              ; clk          ; fast_clk    ; 1.000        ; 0.494      ; 1.634      ;
; -0.161 ; LED[2][1]                  ; shift_data[3]              ; clk          ; fast_clk    ; 1.000        ; 0.494      ; 1.632      ;
; -0.157 ; LED[2][0]                  ; shift_data[4]              ; clk          ; fast_clk    ; 1.000        ; 0.494      ; 1.628      ;
; -0.146 ; LED[2][1]                  ; shift_data[0]              ; clk          ; fast_clk    ; 1.000        ; 0.493      ; 1.616      ;
; -0.144 ; LED[2][1]                  ; shift_data[1]              ; clk          ; fast_clk    ; 1.000        ; 0.493      ; 1.614      ;
; -0.142 ; delay_cnt[1]               ; shift_data[0]              ; fast_clk     ; fast_clk    ; 1.000        ; -0.039     ; 1.090      ;
; -0.141 ; current_state.IDLE         ; shift_data[6]              ; fast_clk     ; fast_clk    ; 1.000        ; -0.038     ; 1.090      ;
; -0.141 ; LED[2][1]                  ; shift_data[2]              ; clk          ; fast_clk    ; 1.000        ; 0.493      ; 1.611      ;
; -0.140 ; current_state.SEND_DIGIT   ; shift_data[7]              ; fast_clk     ; fast_clk    ; 1.000        ; -0.038     ; 1.089      ;
; -0.138 ; LED[2][1]                  ; shift_data[6]              ; clk          ; fast_clk    ; 1.000        ; 0.493      ; 1.608      ;
; -0.128 ; current_state.IDLE         ; shift_data[0]              ; fast_clk     ; fast_clk    ; 1.000        ; -0.038     ; 1.077      ;
; -0.118 ; current_state.LATCH        ; bit_cnt[1]                 ; fast_clk     ; fast_clk    ; 1.000        ; -0.036     ; 1.069      ;
; -0.118 ; current_state.LATCH        ; bit_cnt[0]                 ; fast_clk     ; fast_clk    ; 1.000        ; -0.036     ; 1.069      ;
; -0.118 ; current_state.LATCH        ; bit_cnt[2]                 ; fast_clk     ; fast_clk    ; 1.000        ; -0.036     ; 1.069      ;
; -0.117 ; LED[2][3]                  ; shift_data[6]              ; clk          ; fast_clk    ; 1.000        ; 0.494      ; 1.588      ;
; -0.115 ; delay_cnt[1]               ; delay_cnt[1]               ; fast_clk     ; fast_clk    ; 1.000        ; -0.037     ; 1.065      ;
; -0.114 ; delay_cnt[1]               ; current_state.SEND_SEGMENT ; fast_clk     ; fast_clk    ; 1.000        ; -0.037     ; 1.064      ;
; -0.112 ; current_state.SEND_DIGIT   ; shift_data[0]              ; fast_clk     ; fast_clk    ; 1.000        ; -0.040     ; 1.059      ;
; -0.112 ; LED[2][3]                  ; shift_data[0]              ; clk          ; fast_clk    ; 1.000        ; 0.494      ; 1.583      ;
; -0.109 ; LED[2][0]                  ; shift_data[3]              ; clk          ; fast_clk    ; 1.000        ; 0.494      ; 1.580      ;
+--------+----------------------------+----------------------------+--------------+-------------+--------------+------------+------------+


+-----------------------------------------------------------------------------------------------------------------------------------------------------+
; Fast 1200mV 0C Model Hold: 'clk'                                                                                                                    ;
+-------+-----------------------------------+-----------------------------------+--------------+-------------+--------------+------------+------------+
; Slack ; From Node                         ; To Node                           ; Launch Clock ; Latch Clock ; Relationship ; Clock Skew ; Data Delay ;
+-------+-----------------------------------+-----------------------------------+--------------+-------------+--------------+------------+------------+
; 0.177 ; uart_rx:uart_rx_inst|n_reg[2]     ; uart_rx:uart_rx_inst|n_reg[2]     ; clk          ; clk         ; 0.000        ; 0.046      ; 0.307      ;
; 0.177 ; uart_rx:uart_rx_inst|state_reg[1] ; uart_rx:uart_rx_inst|state_reg[1] ; clk          ; clk         ; 0.000        ; 0.046      ; 0.307      ;
; 0.177 ; uart_rx:uart_rx_inst|state_reg[0] ; uart_rx:uart_rx_inst|state_reg[0] ; clk          ; clk         ; 0.000        ; 0.046      ; 0.307      ;
; 0.177 ; uart_rx:uart_rx_inst|n_reg[1]     ; uart_rx:uart_rx_inst|n_reg[1]     ; clk          ; clk         ; 0.000        ; 0.046      ; 0.307      ;
; 0.177 ; uart_rx:uart_rx_inst|n_reg[0]     ; uart_rx:uart_rx_inst|n_reg[0]     ; clk          ; clk         ; 0.000        ; 0.046      ; 0.307      ;
; 0.178 ; digit_pos[1]                      ; digit_pos[1]                      ; clk          ; clk         ; 0.000        ; 0.045      ; 0.307      ;
; 0.185 ; digit_pos[0]                      ; digit_pos[0]                      ; clk          ; clk         ; 0.000        ; 0.045      ; 0.314      ;
; 0.186 ; uart_rx:uart_rx_inst|s_reg[0]     ; uart_rx:uart_rx_inst|s_reg[0]     ; clk          ; clk         ; 0.000        ; 0.037      ; 0.307      ;
; 0.186 ; uart_rx:uart_rx_inst|s_reg[3]     ; uart_rx:uart_rx_inst|s_reg[3]     ; clk          ; clk         ; 0.000        ; 0.037      ; 0.307      ;
; 0.186 ; uart_rx:uart_rx_inst|s_reg[1]     ; uart_rx:uart_rx_inst|s_reg[1]     ; clk          ; clk         ; 0.000        ; 0.037      ; 0.307      ;
; 0.186 ; uart_rx:uart_rx_inst|s_reg[2]     ; uart_rx:uart_rx_inst|s_reg[2]     ; clk          ; clk         ; 0.000        ; 0.037      ; 0.307      ;
; 0.204 ; baud_gen:baud|r_reg[7]            ; baud_gen:baud|r_reg[7]            ; clk          ; clk         ; 0.000        ; 0.037      ; 0.325      ;
; 0.218 ; uart_rx:uart_rx_inst|state_reg[1] ; uart_rx:uart_rx_inst|rx_done_tick ; clk          ; clk         ; 0.000        ; 0.046      ; 0.348      ;
; 0.271 ; uart_rx:uart_rx_inst|b_reg[1]     ; uart_rx:uart_rx_inst|b_reg[0]     ; clk          ; clk         ; 0.000        ; 0.037      ; 0.392      ;
; 0.279 ; bcd_input[3]                      ; registers[3][3]                   ; clk          ; clk         ; 0.000        ; 0.037      ; 0.400      ;
; 0.281 ; uart_rx:uart_rx_inst|b_reg[4]     ; uart_rx:uart_rx_inst|b_reg[3]     ; clk          ; clk         ; 0.000        ; 0.037      ; 0.402      ;
; 0.288 ; bcd_input[4]                      ; prev_bcd_input[4]                 ; clk          ; clk         ; 0.000        ; 0.036      ; 0.408      ;
; 0.292 ; bcd_input[2]                      ; registers[0][2]                   ; clk          ; clk         ; 0.000        ; 0.038      ; 0.414      ;
; 0.293 ; fast_counter[1]                   ; fast_counter[1]                   ; clk          ; clk         ; 0.000        ; 0.037      ; 0.414      ;
; 0.294 ; fast_counter[2]                   ; fast_counter[2]                   ; clk          ; clk         ; 0.000        ; 0.037      ; 0.415      ;
; 0.296 ; fast_counter[0]                   ; fast_counter[0]                   ; clk          ; clk         ; 0.000        ; 0.045      ; 0.425      ;
; 0.296 ; bcd_input[2]                      ; registers[2][2]                   ; clk          ; clk         ; 0.000        ; 0.038      ; 0.418      ;
; 0.298 ; baud_gen:baud|r_reg[5]            ; baud_gen:baud|r_reg[5]            ; clk          ; clk         ; 0.000        ; 0.037      ; 0.419      ;
; 0.299 ; baud_gen:baud|r_reg[4]            ; baud_gen:baud|r_reg[4]            ; clk          ; clk         ; 0.000        ; 0.037      ; 0.420      ;
; 0.303 ; fast_counter[15]                  ; fast_counter[15]                  ; clk          ; clk         ; 0.000        ; 0.037      ; 0.424      ;
; 0.304 ; fast_counter[3]                   ; fast_counter[3]                   ; clk          ; clk         ; 0.000        ; 0.037      ; 0.425      ;
; 0.304 ; fast_counter[11]                  ; fast_counter[11]                  ; clk          ; clk         ; 0.000        ; 0.037      ; 0.425      ;
; 0.304 ; fast_counter[13]                  ; fast_counter[13]                  ; clk          ; clk         ; 0.000        ; 0.037      ; 0.425      ;
; 0.304 ; fast_counter[5]                   ; fast_counter[5]                   ; clk          ; clk         ; 0.000        ; 0.037      ; 0.425      ;
; 0.305 ; fast_counter[9]                   ; fast_counter[9]                   ; clk          ; clk         ; 0.000        ; 0.037      ; 0.426      ;
; 0.305 ; fast_counter[7]                   ; fast_counter[7]                   ; clk          ; clk         ; 0.000        ; 0.037      ; 0.426      ;
; 0.305 ; fast_counter[6]                   ; fast_counter[6]                   ; clk          ; clk         ; 0.000        ; 0.037      ; 0.426      ;
; 0.306 ; fast_counter[14]                  ; fast_counter[14]                  ; clk          ; clk         ; 0.000        ; 0.037      ; 0.427      ;
; 0.306 ; fast_counter[4]                   ; fast_counter[4]                   ; clk          ; clk         ; 0.000        ; 0.037      ; 0.427      ;
; 0.306 ; fast_counter[8]                   ; fast_counter[8]                   ; clk          ; clk         ; 0.000        ; 0.037      ; 0.427      ;
; 0.306 ; baud_gen:baud|r_reg[0]            ; baud_gen:baud|r_reg[0]            ; clk          ; clk         ; 0.000        ; 0.037      ; 0.427      ;
; 0.307 ; fast_counter[10]                  ; fast_counter[10]                  ; clk          ; clk         ; 0.000        ; 0.037      ; 0.428      ;
; 0.307 ; fast_counter[12]                  ; fast_counter[12]                  ; clk          ; clk         ; 0.000        ; 0.037      ; 0.428      ;
; 0.322 ; uart_rx:uart_rx_inst|state_reg[0] ; uart_rx:uart_rx_inst|rx_done_tick ; clk          ; clk         ; 0.000        ; 0.046      ; 0.452      ;
; 0.323 ; uart_rx:uart_rx_inst|n_reg[0]     ; uart_rx:uart_rx_inst|n_reg[1]     ; clk          ; clk         ; 0.000        ; 0.046      ; 0.453      ;
; 0.326 ; digit_pos[0]                      ; digit_pos[1]                      ; clk          ; clk         ; 0.000        ; 0.045      ; 0.455      ;
; 0.331 ; uart_rx:uart_rx_inst|b_reg[6]     ; uart_rx:uart_rx_inst|b_reg[5]     ; clk          ; clk         ; 0.000        ; 0.037      ; 0.452      ;
; 0.334 ; uart_rx:uart_rx_inst|s_reg[0]     ; uart_rx:uart_rx_inst|s_reg[1]     ; clk          ; clk         ; 0.000        ; 0.037      ; 0.455      ;
; 0.342 ; prev_bcd_input[1]                 ; new_data_flag                     ; clk          ; clk         ; 0.000        ; 0.037      ; 0.463      ;
; 0.347 ; bcd_input[0]                      ; registers[1][0]                   ; clk          ; clk         ; 0.000        ; 0.036      ; 0.467      ;
; 0.349 ; prev_bcd_input[0]                 ; new_data_flag                     ; clk          ; clk         ; 0.000        ; 0.037      ; 0.470      ;
; 0.349 ; bcd_input[0]                      ; prev_bcd_input[0]                 ; clk          ; clk         ; 0.000        ; 0.036      ; 0.469      ;
; 0.350 ; uart_rx:uart_rx_inst|state_reg[0] ; uart_rx:uart_rx_inst|state_reg[1] ; clk          ; clk         ; 0.000        ; 0.046      ; 0.480      ;
; 0.362 ; uart_rx:uart_rx_inst|state_reg[1] ; uart_rx:uart_rx_inst|n_reg[0]     ; clk          ; clk         ; 0.000        ; 0.046      ; 0.492      ;
; 0.362 ; bcd_input[3]                      ; registers[1][3]                   ; clk          ; clk         ; 0.000        ; 0.036      ; 0.482      ;
; 0.374 ; bcd_input[3]                      ; prev_bcd_input[3]                 ; clk          ; clk         ; 0.000        ; 0.036      ; 0.494      ;
; 0.377 ; bcd_input[6]                      ; prev_bcd_input[6]                 ; clk          ; clk         ; 0.000        ; 0.036      ; 0.497      ;
; 0.383 ; bcd_input[3]                      ; registers[2][3]                   ; clk          ; clk         ; 0.000        ; 0.038      ; 0.505      ;
; 0.385 ; bcd_input[3]                      ; registers[0][3]                   ; clk          ; clk         ; 0.000        ; 0.038      ; 0.507      ;
; 0.388 ; bcd_input[1]                      ; registers[2][1]                   ; clk          ; clk         ; 0.000        ; 0.038      ; 0.510      ;
; 0.389 ; uart_rx:uart_rx_inst|b_reg[0]     ; bcd_input[0]                      ; clk          ; clk         ; 0.000        ; 0.038      ; 0.511      ;
; 0.390 ; bcd_input[1]                      ; registers[0][1]                   ; clk          ; clk         ; 0.000        ; 0.038      ; 0.512      ;
; 0.398 ; registers[1][0]                   ; LED[2][0]                         ; clk          ; clk         ; 0.000        ; 0.038      ; 0.520      ;
; 0.400 ; prev_bcd_input[5]                 ; new_data_flag                     ; clk          ; clk         ; 0.000        ; 0.037      ; 0.521      ;
; 0.400 ; bcd_input[2]                      ; registers[1][2]                   ; clk          ; clk         ; 0.000        ; 0.036      ; 0.520      ;
; 0.405 ; bcd_input[2]                      ; prev_bcd_input[2]                 ; clk          ; clk         ; 0.000        ; 0.036      ; 0.525      ;
; 0.406 ; prev_bcd_input[4]                 ; new_data_flag                     ; clk          ; clk         ; 0.000        ; 0.037      ; 0.527      ;
; 0.406 ; baud_gen:baud|r_reg[4]            ; baud_gen:baud|r_reg[2]            ; clk          ; clk         ; 0.000        ; 0.037      ; 0.527      ;
; 0.407 ; registers[2][1]                   ; LED[1][1]                         ; clk          ; clk         ; 0.000        ; 0.037      ; 0.528      ;
; 0.407 ; baud_gen:baud|r_reg[4]            ; baud_gen:baud|r_reg[6]            ; clk          ; clk         ; 0.000        ; 0.037      ; 0.528      ;
; 0.408 ; registers[2][0]                   ; LED[1][0]                         ; clk          ; clk         ; 0.000        ; 0.037      ; 0.529      ;
; 0.415 ; registers[1][1]                   ; LED[2][1]                         ; clk          ; clk         ; 0.000        ; 0.038      ; 0.537      ;
; 0.415 ; registers[1][2]                   ; LED[2][2]                         ; clk          ; clk         ; 0.000        ; 0.037      ; 0.536      ;
; 0.419 ; uart_rx:uart_rx_inst|state_reg[0] ; uart_rx:uart_rx_inst|n_reg[0]     ; clk          ; clk         ; 0.000        ; 0.046      ; 0.549      ;
; 0.425 ; fast_clk                          ; fast_clk                          ; fast_clk     ; clk         ; 0.000        ; 1.124      ; 1.768      ;
; 0.430 ; uart_rx:uart_rx_inst|b_reg[3]     ; uart_rx:uart_rx_inst|b_reg[2]     ; clk          ; clk         ; 0.000        ; 0.038      ; 0.552      ;
; 0.432 ; uart_rx:uart_rx_inst|b_reg[2]     ; uart_rx:uart_rx_inst|b_reg[1]     ; clk          ; clk         ; 0.000        ; 0.037      ; 0.553      ;
; 0.437 ; baud_gen:baud|r_reg[0]            ; baud_gen:baud|r_reg[3]            ; clk          ; clk         ; 0.000        ; 0.037      ; 0.558      ;
; 0.439 ; baud_gen:baud|r_reg[6]            ; baud_gen:baud|r_reg[2]            ; clk          ; clk         ; 0.000        ; 0.037      ; 0.560      ;
; 0.440 ; baud_gen:baud|r_reg[6]            ; baud_gen:baud|r_reg[6]            ; clk          ; clk         ; 0.000        ; 0.037      ; 0.561      ;
; 0.442 ; fast_counter[1]                   ; fast_counter[2]                   ; clk          ; clk         ; 0.000        ; 0.037      ; 0.563      ;
; 0.443 ; registers[2][2]                   ; LED[1][2]                         ; clk          ; clk         ; 0.000        ; 0.036      ; 0.563      ;
; 0.446 ; baud_gen:baud|r_reg[0]            ; baud_gen:baud|r_reg[1]            ; clk          ; clk         ; 0.000        ; 0.037      ; 0.567      ;
; 0.448 ; baud_gen:baud|r_reg[3]            ; baud_gen:baud|r_reg[4]            ; clk          ; clk         ; 0.000        ; 0.037      ; 0.569      ;
; 0.450 ; bcd_input[0]                      ; registers[2][0]                   ; clk          ; clk         ; 0.000        ; 0.038      ; 0.572      ;
; 0.451 ; bcd_input[0]                      ; registers[0][0]                   ; clk          ; clk         ; 0.000        ; 0.038      ; 0.573      ;
; 0.452 ; fast_counter[2]                   ; fast_counter[3]                   ; clk          ; clk         ; 0.000        ; 0.037      ; 0.573      ;
; 0.452 ; baud_gen:baud|r_reg[3]            ; baud_gen:baud|r_reg[3]            ; clk          ; clk         ; 0.000        ; 0.037      ; 0.573      ;
; 0.452 ; baud_gen:baud|r_reg[1]            ; baud_gen:baud|r_reg[1]            ; clk          ; clk         ; 0.000        ; 0.037      ; 0.573      ;
; 0.453 ; fast_counter[11]                  ; fast_counter[12]                  ; clk          ; clk         ; 0.000        ; 0.037      ; 0.574      ;
; 0.453 ; fast_counter[5]                   ; fast_counter[6]                   ; clk          ; clk         ; 0.000        ; 0.037      ; 0.574      ;
; 0.453 ; fast_counter[3]                   ; fast_counter[4]                   ; clk          ; clk         ; 0.000        ; 0.037      ; 0.574      ;
; 0.453 ; fast_counter[13]                  ; fast_counter[14]                  ; clk          ; clk         ; 0.000        ; 0.037      ; 0.574      ;
; 0.454 ; fast_counter[7]                   ; fast_counter[8]                   ; clk          ; clk         ; 0.000        ; 0.037      ; 0.575      ;
; 0.454 ; fast_counter[9]                   ; fast_counter[10]                  ; clk          ; clk         ; 0.000        ; 0.037      ; 0.575      ;
; 0.455 ; fast_counter[2]                   ; fast_counter[4]                   ; clk          ; clk         ; 0.000        ; 0.037      ; 0.576      ;
; 0.457 ; baud_gen:baud|r_reg[4]            ; baud_gen:baud|r_reg[5]            ; clk          ; clk         ; 0.000        ; 0.037      ; 0.578      ;
; 0.459 ; baud_gen:baud|r_reg[6]            ; baud_gen:baud|r_reg[7]            ; clk          ; clk         ; 0.000        ; 0.037      ; 0.580      ;
; 0.461 ; baud_gen:baud|r_reg[2]            ; baud_gen:baud|r_reg[4]            ; clk          ; clk         ; 0.000        ; 0.037      ; 0.582      ;
; 0.463 ; fast_counter[6]                   ; fast_counter[7]                   ; clk          ; clk         ; 0.000        ; 0.037      ; 0.584      ;
; 0.464 ; fast_counter[8]                   ; fast_counter[9]                   ; clk          ; clk         ; 0.000        ; 0.037      ; 0.585      ;
; 0.464 ; fast_counter[14]                  ; fast_counter[15]                  ; clk          ; clk         ; 0.000        ; 0.037      ; 0.585      ;
; 0.464 ; uart_rx:uart_rx_inst|n_reg[1]     ; uart_rx:uart_rx_inst|n_reg[2]     ; clk          ; clk         ; 0.000        ; 0.046      ; 0.594      ;
; 0.464 ; fast_counter[4]                   ; fast_counter[5]                   ; clk          ; clk         ; 0.000        ; 0.037      ; 0.585      ;
; 0.465 ; fast_counter[12]                  ; fast_counter[13]                  ; clk          ; clk         ; 0.000        ; 0.037      ; 0.586      ;
+-------+-----------------------------------+-----------------------------------+--------------+-------------+--------------+------------+------------+


+---------------------------------------------------------------------------------------------------------------------------------------+
; Fast 1200mV 0C Model Hold: 'fast_clk'                                                                                                 ;
+-------+----------------------------+----------------------------+--------------+-------------+--------------+------------+------------+
; Slack ; From Node                  ; To Node                    ; Launch Clock ; Latch Clock ; Relationship ; Clock Skew ; Data Delay ;
+-------+----------------------------+----------------------------+--------------+-------------+--------------+------------+------------+
; 0.186 ; bit_cnt[1]                 ; bit_cnt[1]                 ; fast_clk     ; fast_clk    ; 0.000        ; 0.037      ; 0.307      ;
; 0.186 ; bit_cnt[3]                 ; bit_cnt[3]                 ; fast_clk     ; fast_clk    ; 0.000        ; 0.037      ; 0.307      ;
; 0.186 ; delay_cnt[2]               ; delay_cnt[2]               ; fast_clk     ; fast_clk    ; 0.000        ; 0.037      ; 0.307      ;
; 0.186 ; current_state.SEND_DIGIT   ; current_state.SEND_DIGIT   ; fast_clk     ; fast_clk    ; 0.000        ; 0.037      ; 0.307      ;
; 0.187 ; digit_index[1]             ; digit_index[1]             ; fast_clk     ; fast_clk    ; 0.000        ; 0.036      ; 0.307      ;
; 0.187 ; digit_index[0]             ; digit_index[0]             ; fast_clk     ; fast_clk    ; 0.000        ; 0.036      ; 0.307      ;
; 0.193 ; delay_cnt[0]               ; delay_cnt[0]               ; fast_clk     ; fast_clk    ; 0.000        ; 0.037      ; 0.314      ;
; 0.193 ; bit_cnt[0]                 ; bit_cnt[0]                 ; fast_clk     ; fast_clk    ; 0.000        ; 0.037      ; 0.314      ;
; 0.221 ; delay_cnt[0]               ; current_state.LATCH        ; fast_clk     ; fast_clk    ; 0.000        ; 0.037      ; 0.342      ;
; 0.222 ; delay_cnt[0]               ; delay_cnt[2]               ; fast_clk     ; fast_clk    ; 0.000        ; 0.037      ; 0.343      ;
; 0.224 ; digit_index[0]             ; digit_index[1]             ; fast_clk     ; fast_clk    ; 0.000        ; 0.036      ; 0.344      ;
; 0.225 ; delay_cnt[0]               ; RCLK~reg0                  ; fast_clk     ; fast_clk    ; 0.000        ; 0.037      ; 0.346      ;
; 0.228 ; current_state.LATCH        ; current_state.SEND_SEGMENT ; fast_clk     ; fast_clk    ; 0.000        ; 0.037      ; 0.349      ;
; 0.229 ; current_state.LATCH        ; SCLK~reg0                  ; fast_clk     ; fast_clk    ; 0.000        ; 0.037      ; 0.350      ;
; 0.244 ; LED[0][3]                  ; shift_data[3]              ; clk          ; fast_clk    ; 0.000        ; 0.626      ; 0.984      ;
; 0.251 ; shift_data[3]              ; shift_data[4]              ; fast_clk     ; fast_clk    ; 0.000        ; 0.037      ; 0.372      ;
; 0.252 ; shift_data[4]              ; shift_data[5]              ; fast_clk     ; fast_clk    ; 0.000        ; 0.037      ; 0.373      ;
; 0.268 ; LED[0][2]                  ; shift_data[2]              ; clk          ; fast_clk    ; 0.000        ; 0.625      ; 1.007      ;
; 0.269 ; LED[0][2]                  ; shift_data[1]              ; clk          ; fast_clk    ; 0.000        ; 0.625      ; 1.008      ;
; 0.271 ; shift_data[7]              ; DIO~reg0                   ; fast_clk     ; fast_clk    ; 0.000        ; 0.036      ; 0.391      ;
; 0.273 ; LED[0][2]                  ; shift_data[0]              ; clk          ; fast_clk    ; 0.000        ; 0.625      ; 1.012      ;
; 0.282 ; current_state.IDLE         ; DIO~reg0                   ; fast_clk     ; fast_clk    ; 0.000        ; 0.036      ; 0.402      ;
; 0.283 ; LED[0][2]                  ; shift_data[6]              ; clk          ; fast_clk    ; 0.000        ; 0.625      ; 1.022      ;
; 0.291 ; LED[0][3]                  ; shift_data[4]              ; clk          ; fast_clk    ; 0.000        ; 0.626      ; 1.031      ;
; 0.292 ; bit_cnt[3]                 ; SCLK~reg0                  ; fast_clk     ; fast_clk    ; 0.000        ; 0.037      ; 0.413      ;
; 0.293 ; current_state.SEND_DIGIT   ; delay_cnt[0]               ; fast_clk     ; fast_clk    ; 0.000        ; 0.036      ; 0.413      ;
; 0.294 ; LED[0][3]                  ; shift_data[2]              ; clk          ; fast_clk    ; 0.000        ; 0.625      ; 1.033      ;
; 0.294 ; LED[0][1]                  ; shift_data[4]              ; clk          ; fast_clk    ; 0.000        ; 0.624      ; 1.032      ;
; 0.294 ; LED[0][3]                  ; shift_data[1]              ; clk          ; fast_clk    ; 0.000        ; 0.625      ; 1.033      ;
; 0.296 ; current_state.SEND_DIGIT   ; delay_cnt[1]               ; fast_clk     ; fast_clk    ; 0.000        ; 0.036      ; 0.416      ;
; 0.297 ; LED[0][3]                  ; shift_data[5]              ; clk          ; fast_clk    ; 0.000        ; 0.626      ; 1.037      ;
; 0.298 ; LED[0][2]                  ; shift_data[3]              ; clk          ; fast_clk    ; 0.000        ; 0.626      ; 1.038      ;
; 0.298 ; LED[0][3]                  ; shift_data[0]              ; clk          ; fast_clk    ; 0.000        ; 0.625      ; 1.037      ;
; 0.300 ; LED[0][0]                  ; shift_data[1]              ; clk          ; fast_clk    ; 0.000        ; 0.623      ; 1.037      ;
; 0.304 ; LED[0][0]                  ; shift_data[0]              ; clk          ; fast_clk    ; 0.000        ; 0.623      ; 1.041      ;
; 0.309 ; LED[0][3]                  ; shift_data[6]              ; clk          ; fast_clk    ; 0.000        ; 0.625      ; 1.048      ;
; 0.313 ; bit_cnt[0]                 ; bit_cnt[1]                 ; fast_clk     ; fast_clk    ; 0.000        ; 0.037      ; 0.434      ;
; 0.318 ; LED[0][1]                  ; shift_data[2]              ; clk          ; fast_clk    ; 0.000        ; 0.623      ; 1.055      ;
; 0.319 ; LED[0][2]                  ; shift_data[4]              ; clk          ; fast_clk    ; 0.000        ; 0.626      ; 1.059      ;
; 0.321 ; LED[0][1]                  ; shift_data[1]              ; clk          ; fast_clk    ; 0.000        ; 0.623      ; 1.058      ;
; 0.322 ; delay_cnt[2]               ; current_state.LATCH        ; fast_clk     ; fast_clk    ; 0.000        ; 0.037      ; 0.443      ;
; 0.324 ; LED[0][1]                  ; shift_data[0]              ; clk          ; fast_clk    ; 0.000        ; 0.623      ; 1.061      ;
; 0.333 ; delay_cnt[2]               ; RCLK~reg0                  ; fast_clk     ; fast_clk    ; 0.000        ; 0.037      ; 0.454      ;
; 0.335 ; LED[0][1]                  ; shift_data[6]              ; clk          ; fast_clk    ; 0.000        ; 0.623      ; 1.072      ;
; 0.336 ; LED[0][0]                  ; shift_data[6]              ; clk          ; fast_clk    ; 0.000        ; 0.623      ; 1.073      ;
; 0.337 ; LED[0][2]                  ; shift_data[5]              ; clk          ; fast_clk    ; 0.000        ; 0.626      ; 1.077      ;
; 0.339 ; delay_cnt[1]               ; delay_cnt[2]               ; fast_clk     ; fast_clk    ; 0.000        ; 0.037      ; 0.460      ;
; 0.340 ; LED[0][0]                  ; shift_data[3]              ; clk          ; fast_clk    ; 0.000        ; 0.624      ; 1.078      ;
; 0.345 ; LED[0][0]                  ; shift_data[2]              ; clk          ; fast_clk    ; 0.000        ; 0.623      ; 1.082      ;
; 0.349 ; LED[0][1]                  ; shift_data[3]              ; clk          ; fast_clk    ; 0.000        ; 0.624      ; 1.087      ;
; 0.363 ; delay_cnt[1]               ; current_state.LATCH        ; fast_clk     ; fast_clk    ; 0.000        ; 0.037      ; 0.484      ;
; 0.366 ; LED[0][0]                  ; shift_data[4]              ; clk          ; fast_clk    ; 0.000        ; 0.624      ; 1.104      ;
; 0.372 ; current_state.SEND_SEGMENT ; bit_cnt[2]                 ; fast_clk     ; fast_clk    ; 0.000        ; 0.038      ; 0.494      ;
; 0.373 ; LED[1][3]                  ; shift_data[3]              ; clk          ; fast_clk    ; 0.000        ; 0.626      ; 1.113      ;
; 0.385 ; LED[0][0]                  ; shift_data[5]              ; clk          ; fast_clk    ; 0.000        ; 0.624      ; 1.123      ;
; 0.387 ; delay_cnt[1]               ; RCLK~reg0                  ; fast_clk     ; fast_clk    ; 0.000        ; 0.037      ; 0.508      ;
; 0.390 ; LED[0][1]                  ; shift_data[5]              ; clk          ; fast_clk    ; 0.000        ; 0.624      ; 1.128      ;
; 0.393 ; current_state.IDLE         ; bit_cnt[0]                 ; fast_clk     ; fast_clk    ; 0.000        ; 0.038      ; 0.515      ;
; 0.394 ; current_state.IDLE         ; bit_cnt[1]                 ; fast_clk     ; fast_clk    ; 0.000        ; 0.038      ; 0.516      ;
; 0.396 ; LED[3][3]                  ; shift_data[3]              ; clk          ; fast_clk    ; 0.000        ; 0.626      ; 1.136      ;
; 0.398 ; LED[2][2]                  ; shift_data[2]              ; clk          ; fast_clk    ; 0.000        ; 0.625      ; 1.137      ;
; 0.399 ; LED[2][2]                  ; shift_data[1]              ; clk          ; fast_clk    ; 0.000        ; 0.625      ; 1.138      ;
; 0.403 ; LED[2][2]                  ; shift_data[0]              ; clk          ; fast_clk    ; 0.000        ; 0.625      ; 1.142      ;
; 0.404 ; current_state.LATCH        ; digit_index[0]             ; fast_clk     ; fast_clk    ; 0.000        ; 0.036      ; 0.524      ;
; 0.409 ; current_state.LATCH        ; current_state.IDLE         ; fast_clk     ; fast_clk    ; 0.000        ; 0.036      ; 0.529      ;
; 0.410 ; bit_cnt[3]                 ; bit_cnt[2]                 ; fast_clk     ; fast_clk    ; 0.000        ; 0.038      ; 0.532      ;
; 0.412 ; current_state.LATCH        ; bit_cnt[3]                 ; fast_clk     ; fast_clk    ; 0.000        ; 0.037      ; 0.533      ;
; 0.413 ; LED[2][2]                  ; shift_data[6]              ; clk          ; fast_clk    ; 0.000        ; 0.625      ; 1.152      ;
; 0.420 ; LED[1][3]                  ; shift_data[4]              ; clk          ; fast_clk    ; 0.000        ; 0.626      ; 1.160      ;
; 0.420 ; LED[3][2]                  ; shift_data[2]              ; clk          ; fast_clk    ; 0.000        ; 0.625      ; 1.159      ;
; 0.421 ; LED[3][2]                  ; shift_data[1]              ; clk          ; fast_clk    ; 0.000        ; 0.625      ; 1.160      ;
; 0.423 ; LED[1][3]                  ; shift_data[1]              ; clk          ; fast_clk    ; 0.000        ; 0.625      ; 1.162      ;
; 0.423 ; LED[1][3]                  ; shift_data[2]              ; clk          ; fast_clk    ; 0.000        ; 0.625      ; 1.162      ;
; 0.424 ; LED[1][1]                  ; shift_data[4]              ; clk          ; fast_clk    ; 0.000        ; 0.624      ; 1.162      ;
; 0.425 ; LED[3][2]                  ; shift_data[0]              ; clk          ; fast_clk    ; 0.000        ; 0.625      ; 1.164      ;
; 0.426 ; LED[1][3]                  ; shift_data[5]              ; clk          ; fast_clk    ; 0.000        ; 0.626      ; 1.166      ;
; 0.427 ; LED[1][3]                  ; shift_data[0]              ; clk          ; fast_clk    ; 0.000        ; 0.625      ; 1.166      ;
; 0.428 ; LED[2][2]                  ; shift_data[3]              ; clk          ; fast_clk    ; 0.000        ; 0.626      ; 1.168      ;
; 0.428 ; current_state.SEND_DIGIT   ; bit_cnt[3]                 ; fast_clk     ; fast_clk    ; 0.000        ; 0.036      ; 0.548      ;
; 0.430 ; LED[1][0]                  ; shift_data[1]              ; clk          ; fast_clk    ; 0.000        ; 0.623      ; 1.167      ;
; 0.434 ; LED[1][0]                  ; shift_data[0]              ; clk          ; fast_clk    ; 0.000        ; 0.623      ; 1.171      ;
; 0.435 ; LED[3][2]                  ; shift_data[6]              ; clk          ; fast_clk    ; 0.000        ; 0.625      ; 1.174      ;
; 0.438 ; LED[1][3]                  ; shift_data[6]              ; clk          ; fast_clk    ; 0.000        ; 0.625      ; 1.177      ;
; 0.443 ; LED[3][3]                  ; shift_data[4]              ; clk          ; fast_clk    ; 0.000        ; 0.626      ; 1.183      ;
; 0.446 ; LED[3][3]                  ; shift_data[1]              ; clk          ; fast_clk    ; 0.000        ; 0.625      ; 1.185      ;
; 0.446 ; LED[3][1]                  ; shift_data[4]              ; clk          ; fast_clk    ; 0.000        ; 0.624      ; 1.184      ;
; 0.446 ; LED[3][3]                  ; shift_data[2]              ; clk          ; fast_clk    ; 0.000        ; 0.625      ; 1.185      ;
; 0.448 ; LED[1][1]                  ; shift_data[2]              ; clk          ; fast_clk    ; 0.000        ; 0.623      ; 1.185      ;
; 0.449 ; LED[2][2]                  ; shift_data[4]              ; clk          ; fast_clk    ; 0.000        ; 0.626      ; 1.189      ;
; 0.449 ; LED[3][3]                  ; shift_data[5]              ; clk          ; fast_clk    ; 0.000        ; 0.626      ; 1.189      ;
; 0.449 ; bit_cnt[2]                 ; bit_cnt[2]                 ; fast_clk     ; fast_clk    ; 0.000        ; 0.037      ; 0.570      ;
; 0.450 ; LED[3][3]                  ; shift_data[0]              ; clk          ; fast_clk    ; 0.000        ; 0.625      ; 1.189      ;
; 0.450 ; LED[3][2]                  ; shift_data[3]              ; clk          ; fast_clk    ; 0.000        ; 0.626      ; 1.190      ;
; 0.450 ; current_state.IDLE         ; current_state.SEND_SEGMENT ; fast_clk     ; fast_clk    ; 0.000        ; 0.037      ; 0.571      ;
; 0.451 ; LED[1][1]                  ; shift_data[1]              ; clk          ; fast_clk    ; 0.000        ; 0.623      ; 1.188      ;
; 0.452 ; LED[3][0]                  ; shift_data[1]              ; clk          ; fast_clk    ; 0.000        ; 0.623      ; 1.189      ;
; 0.454 ; LED[1][1]                  ; shift_data[0]              ; clk          ; fast_clk    ; 0.000        ; 0.623      ; 1.191      ;
; 0.455 ; shift_data[0]              ; shift_data[0]              ; fast_clk     ; fast_clk    ; 0.000        ; 0.037      ; 0.576      ;
; 0.456 ; LED[3][0]                  ; shift_data[0]              ; clk          ; fast_clk    ; 0.000        ; 0.623      ; 1.193      ;
; 0.461 ; LED[3][3]                  ; shift_data[6]              ; clk          ; fast_clk    ; 0.000        ; 0.625      ; 1.200      ;
+-------+----------------------------+----------------------------+--------------+-------------+--------------+------------+------------+


----------------------------------------------
; Fast 1200mV 0C Model Metastability Summary ;
----------------------------------------------
No synchronizer chains to report.


+--------------------------------------------------------------------------------+
; Multicorner Timing Analysis Summary                                            ;
+------------------+----------+-------+----------+---------+---------------------+
; Clock            ; Setup    ; Hold  ; Recovery ; Removal ; Minimum Pulse Width ;
+------------------+----------+-------+----------+---------+---------------------+
; Worst-case Slack ; -3.643   ; 0.177 ; N/A      ; N/A     ; -3.000              ;
;  clk             ; -3.643   ; 0.177 ; N/A      ; N/A     ; -3.000              ;
;  fast_clk        ; -3.142   ; 0.186 ; N/A      ; N/A     ; -1.487              ;
; Design-wide TNS  ; -258.143 ; 0.0   ; 0.0      ; 0.0     ; -178.466            ;
;  clk             ; -213.320 ; 0.000 ; N/A      ; N/A     ; -142.778            ;
;  fast_clk        ; -44.823  ; 0.000 ; N/A      ; N/A     ; -35.688             ;
+------------------+----------+-------+----------+---------+---------------------+


+------------------------------------------------------------------------------------------------------------------------------------------------------------------------------------------------------------------------------------------------------------------------------------------------------------------------------------------------------------------------------------------------------------------+
; Board Trace Model Assignments                                                                                                                                                                                                                                                                                                                                                                                    ;
+---------------+--------------+-------------------+-------------------------+-------------------------+---------------+---------------------+----------------+------------------+--------+------------------+------------------------+------------------------+--------------+---------------+-----------------+-------+---------------------+--------------------+---------------+-----------------+-------------+
; Pin           ; I/O Standard ; Near Tline Length ; Near Tline L per Length ; Near Tline C per Length ; Near Series R ; Near Differential R ; Near Pull-up R ; Near Pull-down R ; Near C ; Far Tline Length ; Far Tline L per Length ; Far Tline C per Length ; Far Series R ; Far Pull-up R ; Far Pull-down R ; Far C ; Termination Voltage ; Far Differential R ; EBD File Name ; EBD Signal Name ; EBD Far-end ;
+---------------+--------------+-------------------+-------------------------+-------------------------+---------------+---------------------+----------------+------------------+--------+------------------+------------------------+------------------------+--------------+---------------+-----------------+-------+---------------------+--------------------+---------------+-----------------+-------------+
; SCLK          ; 3.3-V LVTTL  ; 0 in              ; 0 H/in                  ; 0 F/in                  ; short         ; -                   ; open           ; open             ; open   ; 0 in             ; 0 H/in                 ; 0 F/in                 ; short        ; open          ; open            ; open  ; 0 V                 ; -                  ; n/a           ; n/a             ; n/a         ;
; RCLK          ; 3.3-V LVTTL  ; 0 in              ; 0 H/in                  ; 0 F/in                  ; short         ; -                   ; open           ; open             ; open   ; 0 in             ; 0 H/in                 ; 0 F/in                 ; short        ; open          ; open            ; open  ; 0 V                 ; -                  ; n/a           ; n/a             ; n/a         ;
; DIO           ; 3.3-V LVTTL  ; 0 in              ; 0 H/in                  ; 0 F/in                  ; short         ; -                   ; open           ; open             ; open   ; 0 in             ; 0 H/in                 ; 0 F/in                 ; short        ; open          ; open            ; open  ; 0 V                 ; -                  ; n/a           ; n/a             ; n/a         ;
; ~ALTERA_DCLK~ ; 3.3-V LVTTL  ; 0 in              ; 0 H/in                  ; 0 F/in                  ; short         ; -                   ; open           ; open             ; open   ; 0 in             ; 0 H/in                 ; 0 F/in                 ; short        ; open          ; open            ; open  ; 0 V                 ; -                  ; n/a           ; n/a             ; n/a         ;
; ~ALTERA_nCEO~ ; 3.3-V LVTTL  ; 0 in              ; 0 H/in                  ; 0 F/in                  ; short         ; -                   ; open           ; open             ; open   ; 0 in             ; 0 H/in                 ; 0 F/in                 ; short        ; open          ; open            ; open  ; 0 V                 ; -                  ; n/a           ; n/a             ; n/a         ;
+---------------+--------------+-------------------+-------------------------+-------------------------+---------------+---------------------+----------------+------------------+--------+------------------+------------------------+------------------------+--------------+---------------+-----------------+-------+---------------------+--------------------+---------------+-----------------+-------------+


+----------------------------------------------------------------------------+
; Input Transition Times                                                     ;
+-------------------------+--------------+-----------------+-----------------+
; Pin                     ; I/O Standard ; 10-90 Rise Time ; 90-10 Fall Time ;
+-------------------------+--------------+-----------------+-----------------+
; rst_n                   ; 3.3-V LVTTL  ; 2640 ps         ; 2640 ps         ;
; clk                     ; 3.3-V LVTTL  ; 2640 ps         ; 2640 ps         ;
; uart_rx                 ; 3.3-V LVTTL  ; 2640 ps         ; 2640 ps         ;
; ~ALTERA_ASDO_DATA1~     ; 3.3-V LVTTL  ; 2640 ps         ; 2640 ps         ;
; ~ALTERA_FLASH_nCE_nCSO~ ; 3.3-V LVTTL  ; 2640 ps         ; 2640 ps         ;
; ~ALTERA_DATA0~          ; 3.3-V LVTTL  ; 2640 ps         ; 2640 ps         ;
+-------------------------+--------------+-----------------+-----------------+


+--------------------------------------------------------------------------------------------------------------------------------------------------------------------------------------------------------------------------------------------------------------------------------------------------------------------------------------------------------------------------------------------------------------------------------------------------------------------------------------------------------------------------------------------------------------------------------------------------------------------------------------------------------------------------------------------+
; Signal Integrity Metrics (Slow 1200mv 0c Model)                                                                                                                                                                                                                                                                                                                                                                                                                                                                                                                                                                                                                                            ;
+---------------+--------------+---------------------+---------------------+------------------------------+------------------------------+---------------------+---------------------+--------------------------------------+--------------------------------------+-----------------------------+-----------------------------+----------------------------+----------------------------+-----------------------------+-----------------------------+--------------------+--------------------+-------------------------------------+-------------------------------------+----------------------------+----------------------------+---------------------------+---------------------------+
; Pin           ; I/O Standard ; Board Delay on Rise ; Board Delay on Fall ; Steady State Voh at FPGA Pin ; Steady State Vol at FPGA Pin ; Voh Max at FPGA Pin ; Vol Min at FPGA Pin ; Ringback Voltage on Rise at FPGA Pin ; Ringback Voltage on Fall at FPGA Pin ; 10-90 Rise Time at FPGA Pin ; 90-10 Fall Time at FPGA Pin ; Monotonic Rise at FPGA Pin ; Monotonic Fall at FPGA Pin ; Steady State Voh at Far-end ; Steady State Vol at Far-end ; Voh Max at Far-end ; Vol Min at Far-end ; Ringback Voltage on Rise at Far-end ; Ringback Voltage on Fall at Far-end ; 10-90 Rise Time at Far-end ; 90-10 Fall Time at Far-end ; Monotonic Rise at Far-end ; Monotonic Fall at Far-end ;
+---------------+--------------+---------------------+---------------------+------------------------------+------------------------------+---------------------+---------------------+--------------------------------------+--------------------------------------+-----------------------------+-----------------------------+----------------------------+----------------------------+-----------------------------+-----------------------------+--------------------+--------------------+-------------------------------------+-------------------------------------+----------------------------+----------------------------+---------------------------+---------------------------+
; SCLK          ; 3.3-V LVTTL  ; 0 s                 ; 0 s                 ; 3.08 V                       ; 8.89e-09 V                   ; 3.12 V              ; -0.11 V             ; 0.153 V                              ; 0.272 V                              ; 6.41e-10 s                  ; 4.57e-10 s                  ; No                         ; Yes                        ; 3.08 V                      ; 8.89e-09 V                  ; 3.12 V             ; -0.11 V            ; 0.153 V                             ; 0.272 V                             ; 6.41e-10 s                 ; 4.57e-10 s                 ; No                        ; Yes                       ;
; RCLK          ; 3.3-V LVTTL  ; 0 s                 ; 0 s                 ; 3.08 V                       ; 8.89e-09 V                   ; 3.12 V              ; -0.11 V             ; 0.153 V                              ; 0.272 V                              ; 6.41e-10 s                  ; 4.57e-10 s                  ; No                         ; Yes                        ; 3.08 V                      ; 8.89e-09 V                  ; 3.12 V             ; -0.11 V            ; 0.153 V                             ; 0.272 V                             ; 6.41e-10 s                 ; 4.57e-10 s                 ; No                        ; Yes                       ;
; DIO           ; 3.3-V LVTTL  ; 0 s                 ; 0 s                 ; 3.08 V                       ; 8.89e-09 V                   ; 3.12 V              ; -0.11 V             ; 0.153 V                              ; 0.272 V                              ; 6.41e-10 s                  ; 4.57e-10 s                  ; No                         ; Yes                        ; 3.08 V                      ; 8.89e-09 V                  ; 3.12 V             ; -0.11 V            ; 0.153 V                             ; 0.272 V                             ; 6.41e-10 s                 ; 4.57e-10 s                 ; No                        ; Yes                       ;
; ~ALTERA_DCLK~ ; 3.3-V LVTTL  ; 0 s                 ; 0 s                 ; 3.08 V                       ; 3.51e-09 V                   ; 3.18 V              ; -0.157 V            ; 0.147 V                              ; 0.259 V                              ; 2.81e-10 s                  ; 2.53e-10 s                  ; Yes                        ; Yes                        ; 3.08 V                      ; 3.51e-09 V                  ; 3.18 V             ; -0.157 V           ; 0.147 V                             ; 0.259 V                             ; 2.81e-10 s                 ; 2.53e-10 s                 ; Yes                       ; Yes                       ;
; ~ALTERA_nCEO~ ; 3.3-V LVTTL  ; 0 s                 ; 0 s                 ; 3.08 V                       ; 6.38e-09 V                   ; 3.12 V              ; -0.0818 V           ; 0.205 V                              ; 0.244 V                              ; 8.86e-10 s                  ; 6.56e-10 s                  ; No                         ; No                         ; 3.08 V                      ; 6.38e-09 V                  ; 3.12 V             ; -0.0818 V          ; 0.205 V                             ; 0.244 V                             ; 8.86e-10 s                 ; 6.56e-10 s                 ; No                        ; No                        ;
+---------------+--------------+---------------------+---------------------+------------------------------+------------------------------+---------------------+---------------------+--------------------------------------+--------------------------------------+-----------------------------+-----------------------------+----------------------------+----------------------------+-----------------------------+-----------------------------+--------------------+--------------------+-------------------------------------+-------------------------------------+----------------------------+----------------------------+---------------------------+---------------------------+


+--------------------------------------------------------------------------------------------------------------------------------------------------------------------------------------------------------------------------------------------------------------------------------------------------------------------------------------------------------------------------------------------------------------------------------------------------------------------------------------------------------------------------------------------------------------------------------------------------------------------------------------------------------------------------------------------+
; Signal Integrity Metrics (Slow 1200mv 85c Model)                                                                                                                                                                                                                                                                                                                                                                                                                                                                                                                                                                                                                                           ;
+---------------+--------------+---------------------+---------------------+------------------------------+------------------------------+---------------------+---------------------+--------------------------------------+--------------------------------------+-----------------------------+-----------------------------+----------------------------+----------------------------+-----------------------------+-----------------------------+--------------------+--------------------+-------------------------------------+-------------------------------------+----------------------------+----------------------------+---------------------------+---------------------------+
; Pin           ; I/O Standard ; Board Delay on Rise ; Board Delay on Fall ; Steady State Voh at FPGA Pin ; Steady State Vol at FPGA Pin ; Voh Max at FPGA Pin ; Vol Min at FPGA Pin ; Ringback Voltage on Rise at FPGA Pin ; Ringback Voltage on Fall at FPGA Pin ; 10-90 Rise Time at FPGA Pin ; 90-10 Fall Time at FPGA Pin ; Monotonic Rise at FPGA Pin ; Monotonic Fall at FPGA Pin ; Steady State Voh at Far-end ; Steady State Vol at Far-end ; Voh Max at Far-end ; Vol Min at Far-end ; Ringback Voltage on Rise at Far-end ; Ringback Voltage on Fall at Far-end ; 10-90 Rise Time at Far-end ; 90-10 Fall Time at Far-end ; Monotonic Rise at Far-end ; Monotonic Fall at Far-end ;
+---------------+--------------+---------------------+---------------------+------------------------------+------------------------------+---------------------+---------------------+--------------------------------------+--------------------------------------+-----------------------------+-----------------------------+----------------------------+----------------------------+-----------------------------+-----------------------------+--------------------+--------------------+-------------------------------------+-------------------------------------+----------------------------+----------------------------+---------------------------+---------------------------+
; SCLK          ; 3.3-V LVTTL  ; 0 s                 ; 0 s                 ; 3.08 V                       ; 7.5e-07 V                    ; 3.11 V              ; -0.0503 V           ; 0.122 V                              ; 0.172 V                              ; 7.08e-10 s                  ; 6.43e-10 s                  ; Yes                        ; Yes                        ; 3.08 V                      ; 7.5e-07 V                   ; 3.11 V             ; -0.0503 V          ; 0.122 V                             ; 0.172 V                             ; 7.08e-10 s                 ; 6.43e-10 s                 ; Yes                       ; Yes                       ;
; RCLK          ; 3.3-V LVTTL  ; 0 s                 ; 0 s                 ; 3.08 V                       ; 7.5e-07 V                    ; 3.11 V              ; -0.0503 V           ; 0.122 V                              ; 0.172 V                              ; 7.08e-10 s                  ; 6.43e-10 s                  ; Yes                        ; Yes                        ; 3.08 V                      ; 7.5e-07 V                   ; 3.11 V             ; -0.0503 V          ; 0.122 V                             ; 0.172 V                             ; 7.08e-10 s                 ; 6.43e-10 s                 ; Yes                       ; Yes                       ;
; DIO           ; 3.3-V LVTTL  ; 0 s                 ; 0 s                 ; 3.08 V                       ; 7.5e-07 V                    ; 3.11 V              ; -0.0503 V           ; 0.122 V                              ; 0.172 V                              ; 7.08e-10 s                  ; 6.43e-10 s                  ; Yes                        ; Yes                        ; 3.08 V                      ; 7.5e-07 V                   ; 3.11 V             ; -0.0503 V          ; 0.122 V                             ; 0.172 V                             ; 7.08e-10 s                 ; 6.43e-10 s                 ; Yes                       ; Yes                       ;
; ~ALTERA_DCLK~ ; 3.3-V LVTTL  ; 0 s                 ; 0 s                 ; 3.08 V                       ; 2.6e-07 V                    ; 3.13 V              ; -0.103 V            ; 0.164 V                              ; 0.134 V                              ; 3.14e-10 s                  ; 4.05e-10 s                  ; Yes                        ; No                         ; 3.08 V                      ; 2.6e-07 V                   ; 3.13 V             ; -0.103 V           ; 0.164 V                             ; 0.134 V                             ; 3.14e-10 s                 ; 4.05e-10 s                 ; Yes                       ; No                        ;
; ~ALTERA_nCEO~ ; 3.3-V LVTTL  ; 0 s                 ; 0 s                 ; 3.08 V                       ; 5.04e-07 V                   ; 3.11 V              ; -0.0469 V           ; 0.191 V                              ; 0.215 V                              ; 1.08e-09 s                  ; 8.62e-10 s                  ; Yes                        ; No                         ; 3.08 V                      ; 5.04e-07 V                  ; 3.11 V             ; -0.0469 V          ; 0.191 V                             ; 0.215 V                             ; 1.08e-09 s                 ; 8.62e-10 s                 ; Yes                       ; No                        ;
+---------------+--------------+---------------------+---------------------+------------------------------+------------------------------+---------------------+---------------------+--------------------------------------+--------------------------------------+-----------------------------+-----------------------------+----------------------------+----------------------------+-----------------------------+-----------------------------+--------------------+--------------------+-------------------------------------+-------------------------------------+----------------------------+----------------------------+---------------------------+---------------------------+


+--------------------------------------------------------------------------------------------------------------------------------------------------------------------------------------------------------------------------------------------------------------------------------------------------------------------------------------------------------------------------------------------------------------------------------------------------------------------------------------------------------------------------------------------------------------------------------------------------------------------------------------------------------------------------------------------+
; Signal Integrity Metrics (Fast 1200mv 0c Model)                                                                                                                                                                                                                                                                                                                                                                                                                                                                                                                                                                                                                                            ;
+---------------+--------------+---------------------+---------------------+------------------------------+------------------------------+---------------------+---------------------+--------------------------------------+--------------------------------------+-----------------------------+-----------------------------+----------------------------+----------------------------+-----------------------------+-----------------------------+--------------------+--------------------+-------------------------------------+-------------------------------------+----------------------------+----------------------------+---------------------------+---------------------------+
; Pin           ; I/O Standard ; Board Delay on Rise ; Board Delay on Fall ; Steady State Voh at FPGA Pin ; Steady State Vol at FPGA Pin ; Voh Max at FPGA Pin ; Vol Min at FPGA Pin ; Ringback Voltage on Rise at FPGA Pin ; Ringback Voltage on Fall at FPGA Pin ; 10-90 Rise Time at FPGA Pin ; 90-10 Fall Time at FPGA Pin ; Monotonic Rise at FPGA Pin ; Monotonic Fall at FPGA Pin ; Steady State Voh at Far-end ; Steady State Vol at Far-end ; Voh Max at Far-end ; Vol Min at Far-end ; Ringback Voltage on Rise at Far-end ; Ringback Voltage on Fall at Far-end ; 10-90 Rise Time at Far-end ; 90-10 Fall Time at Far-end ; Monotonic Rise at Far-end ; Monotonic Fall at Far-end ;
+---------------+--------------+---------------------+---------------------+------------------------------+------------------------------+---------------------+---------------------+--------------------------------------+--------------------------------------+-----------------------------+-----------------------------+----------------------------+----------------------------+-----------------------------+-----------------------------+--------------------+--------------------+-------------------------------------+-------------------------------------+----------------------------+----------------------------+---------------------------+---------------------------+
; SCLK          ; 3.3-V LVTTL  ; 0 s                 ; 0 s                 ; 3.46 V                       ; 1.85e-07 V                   ; 3.57 V              ; -0.141 V            ; 0.301 V                              ; 0.239 V                              ; 4.61e-10 s                  ; 4.2e-10 s                   ; No                         ; No                         ; 3.46 V                      ; 1.85e-07 V                  ; 3.57 V             ; -0.141 V           ; 0.301 V                             ; 0.239 V                             ; 4.61e-10 s                 ; 4.2e-10 s                  ; No                        ; No                        ;
; RCLK          ; 3.3-V LVTTL  ; 0 s                 ; 0 s                 ; 3.46 V                       ; 1.85e-07 V                   ; 3.57 V              ; -0.141 V            ; 0.301 V                              ; 0.239 V                              ; 4.61e-10 s                  ; 4.2e-10 s                   ; No                         ; No                         ; 3.46 V                      ; 1.85e-07 V                  ; 3.57 V             ; -0.141 V           ; 0.301 V                             ; 0.239 V                             ; 4.61e-10 s                 ; 4.2e-10 s                  ; No                        ; No                        ;
; DIO           ; 3.3-V LVTTL  ; 0 s                 ; 0 s                 ; 3.46 V                       ; 1.85e-07 V                   ; 3.57 V              ; -0.141 V            ; 0.301 V                              ; 0.239 V                              ; 4.61e-10 s                  ; 4.2e-10 s                   ; No                         ; No                         ; 3.46 V                      ; 1.85e-07 V                  ; 3.57 V             ; -0.141 V           ; 0.301 V                             ; 0.239 V                             ; 4.61e-10 s                 ; 4.2e-10 s                  ; No                        ; No                        ;
; ~ALTERA_DCLK~ ; 3.3-V LVTTL  ; 0 s                 ; 0 s                 ; 3.46 V                       ; 6.54e-08 V                   ; 3.66 V              ; -0.26 V             ; 0.41 V                               ; 0.32 V                               ; 1.57e-10 s                  ; 2.15e-10 s                  ; No                         ; Yes                        ; 3.46 V                      ; 6.54e-08 V                  ; 3.66 V             ; -0.26 V            ; 0.41 V                              ; 0.32 V                              ; 1.57e-10 s                 ; 2.15e-10 s                 ; No                        ; Yes                       ;
; ~ALTERA_nCEO~ ; 3.3-V LVTTL  ; 0 s                 ; 0 s                 ; 3.46 V                       ; 1.25e-07 V                   ; 3.57 V              ; -0.0855 V           ; 0.315 V                              ; 0.175 V                              ; 6.79e-10 s                  ; 6.15e-10 s                  ; No                         ; No                         ; 3.46 V                      ; 1.25e-07 V                  ; 3.57 V             ; -0.0855 V          ; 0.315 V                             ; 0.175 V                             ; 6.79e-10 s                 ; 6.15e-10 s                 ; No                        ; No                        ;
+---------------+--------------+---------------------+---------------------+------------------------------+------------------------------+---------------------+---------------------+--------------------------------------+--------------------------------------+-----------------------------+-----------------------------+----------------------------+----------------------------+-----------------------------+-----------------------------+--------------------+--------------------+-------------------------------------+-------------------------------------+----------------------------+----------------------------+---------------------------+---------------------------+


+-------------------------------------------------------------------+
; Setup Transfers                                                   ;
+------------+----------+----------+----------+----------+----------+
; From Clock ; To Clock ; RR Paths ; FR Paths ; RF Paths ; FF Paths ;
+------------+----------+----------+----------+----------+----------+
; clk        ; clk      ; 1253     ; 0        ; 0        ; 0        ;
; fast_clk   ; clk      ; 1        ; 1        ; 0        ; 0        ;
; clk        ; fast_clk ; 112      ; 0        ; 0        ; 0        ;
; fast_clk   ; fast_clk ; 329      ; 0        ; 0        ; 0        ;
+------------+----------+----------+----------+----------+----------+
Entries labeled "false path" only account for clock-to-clock false paths and not path-based false paths. As a result, actual path counts may be lower than reported.


+-------------------------------------------------------------------+
; Hold Transfers                                                    ;
+------------+----------+----------+----------+----------+----------+
; From Clock ; To Clock ; RR Paths ; FR Paths ; RF Paths ; FF Paths ;
+------------+----------+----------+----------+----------+----------+
; clk        ; clk      ; 1253     ; 0        ; 0        ; 0        ;
; fast_clk   ; clk      ; 1        ; 1        ; 0        ; 0        ;
; clk        ; fast_clk ; 112      ; 0        ; 0        ; 0        ;
; fast_clk   ; fast_clk ; 329      ; 0        ; 0        ; 0        ;
+------------+----------+----------+----------+----------+----------+
Entries labeled "false path" only account for clock-to-clock false paths and not path-based false paths. As a result, actual path counts may be lower than reported.


---------------
; Report TCCS ;
---------------
No dedicated SERDES Transmitter circuitry present in device or used in design


---------------
; Report RSKM ;
---------------
No non-DPA dedicated SERDES Receiver circuitry present in device or used in design


+------------------------------------------------+
; Unconstrained Paths Summary                    ;
+---------------------------------+-------+------+
; Property                        ; Setup ; Hold ;
+---------------------------------+-------+------+
; Illegal Clocks                  ; 0     ; 0    ;
; Unconstrained Clocks            ; 0     ; 0    ;
; Unconstrained Input Ports       ; 2     ; 2    ;
; Unconstrained Input Port Paths  ; 125   ; 125  ;
; Unconstrained Output Ports      ; 3     ; 3    ;
; Unconstrained Output Port Paths ; 3     ; 3    ;
+---------------------------------+-------+------+


+------------------------------------------+
; Clock Status Summary                     ;
+----------+----------+------+-------------+
; Target   ; Clock    ; Type ; Status      ;
+----------+----------+------+-------------+
; clk      ; clk      ; Base ; Constrained ;
; fast_clk ; fast_clk ; Base ; Constrained ;
+----------+----------+------+-------------+


+---------------------------------------------------------------------------------------------------+
; Unconstrained Input Ports                                                                         ;
+------------+--------------------------------------------------------------------------------------+
; Input Port ; Comment                                                                              ;
+------------+--------------------------------------------------------------------------------------+
; rst_n      ; No input delay, min/max delays, false-path exceptions, or max skew assignments found ;
; uart_rx    ; No input delay, min/max delays, false-path exceptions, or max skew assignments found ;
+------------+--------------------------------------------------------------------------------------+


+-----------------------------------------------------------------------------------------------------+
; Unconstrained Output Ports                                                                          ;
+-------------+---------------------------------------------------------------------------------------+
; Output Port ; Comment                                                                               ;
+-------------+---------------------------------------------------------------------------------------+
; DIO         ; No output delay, min/max delays, false-path exceptions, or max skew assignments found ;
; RCLK        ; No output delay, min/max delays, false-path exceptions, or max skew assignments found ;
; SCLK        ; No output delay, min/max delays, false-path exceptions, or max skew assignments found ;
+-------------+---------------------------------------------------------------------------------------+


+---------------------------------------------------------------------------------------------------+
; Unconstrained Input Ports                                                                         ;
+------------+--------------------------------------------------------------------------------------+
; Input Port ; Comment                                                                              ;
+------------+--------------------------------------------------------------------------------------+
; rst_n      ; No input delay, min/max delays, false-path exceptions, or max skew assignments found ;
; uart_rx    ; No input delay, min/max delays, false-path exceptions, or max skew assignments found ;
+------------+--------------------------------------------------------------------------------------+


+-----------------------------------------------------------------------------------------------------+
; Unconstrained Output Ports                                                                          ;
+-------------+---------------------------------------------------------------------------------------+
; Output Port ; Comment                                                                               ;
+-------------+---------------------------------------------------------------------------------------+
; DIO         ; No output delay, min/max delays, false-path exceptions, or max skew assignments found ;
; RCLK        ; No output delay, min/max delays, false-path exceptions, or max skew assignments found ;
; SCLK        ; No output delay, min/max delays, false-path exceptions, or max skew assignments found ;
+-------------+---------------------------------------------------------------------------------------+


+--------------------------+
; Timing Analyzer Messages ;
+--------------------------+
Info: *******************************************************************
Info: Running Quartus Prime Timing Analyzer
    Info: Version 21.1.0 Build 842 10/21/2021 SJ Lite Edition
    Info: Processing started: Fri Aug 22 03:33:11 2025
Info: Command: quartus_sta uart_5 -c uart_5
Info: qsta_default_script.tcl version: #1
Warning (18236): Number of processors has not been specified which may cause overloading on shared machines.  Set the global assignment NUM_PARALLEL_PROCESSORS in your QSF to an appropriate value for best performance.
Info (20030): Parallel compilation is enabled and will use 16 of the 24 processors detected
Info (21077): Low junction temperature is 0 degrees C
Info (21077): High junction temperature is 85 degrees C
Critical Warning (332012): Synopsys Design Constraints File file not found: 'uart_5.sdc'. A Synopsys Design Constraints File is required by the Timing Analyzer to get proper timing constraints. Without it, the Compiler will not properly optimize the design.
Info (332142): No user constrained base clocks found in the design. Calling "derive_clocks -period 1.0"
Info (332105): Deriving Clocks
    Info (332105): create_clock -period 1.000 -name clk clk
    Info (332105): create_clock -period 1.000 -name fast_clk fast_clk
Info (332143): No user constrained clock uncertainty found in the design. Calling "derive_clock_uncertainty"
Info (332123): Deriving Clock Uncertainty. Please refer to report_sdc in the Timing Analyzer to see clock uncertainties.
Info: Found TIMING_ANALYZER_REPORT_SCRIPT_INCLUDE_DEFAULT_ANALYSIS = ON
Info: Analyzing Slow 1200mV 85C Model
Critical Warning (332148): Timing requirements not met
    Info (11105): For recommendations on closing timing, run Report Timing Closure Recommendations in the Timing Analyzer.
Info (332146): Worst-case setup slack is -3.643
    Info (332119):     Slack       End Point TNS Clock 
    Info (332119): ========= =================== =====================
    Info (332119):    -3.643            -213.320 clk 
    Info (332119):    -3.142             -44.823 fast_clk 
Info (332146): Worst-case hold slack is 0.434
    Info (332119):     Slack       End Point TNS Clock 
    Info (332119): ========= =================== =====================
    Info (332119):     0.434               0.000 clk 
    Info (332119):     0.454               0.000 fast_clk 
Info (332140): No Recovery paths to report
Info (332140): No Removal paths to report
Info (332146): Worst-case minimum pulse width slack is -3.000
    Info (332119):     Slack       End Point TNS Clock 
    Info (332119): ========= =================== =====================
    Info (332119):    -3.000            -142.778 clk 
    Info (332119):    -1.487             -35.688 fast_clk 
Info: Analyzing Slow 1200mV 0C Model
Info (334003): Started post-fitting delay annotation
Info (334004): Delay annotation completed successfully
Info (332123): Deriving Clock Uncertainty. Please refer to report_sdc in the Timing Analyzer to see clock uncertainties.
Critical Warning (332148): Timing requirements not met
    Info (11105): For recommendations on closing timing, run Report Timing Closure Recommendations in the Timing Analyzer.
Info (332146): Worst-case setup slack is -3.405
    Info (332119):     Slack       End Point TNS Clock 
    Info (332119): ========= =================== =====================
    Info (332119):    -3.405            -192.856 clk 
    Info (332119):    -2.898             -40.157 fast_clk 
Info (332146): Worst-case hold slack is 0.384
    Info (332119):     Slack       End Point TNS Clock 
    Info (332119): ========= =================== =====================
    Info (332119):     0.384               0.000 clk 
    Info (332119):     0.402               0.000 fast_clk 
Info (332140): No Recovery paths to report
Info (332140): No Removal paths to report
Info (332146): Worst-case minimum pulse width slack is -3.000
    Info (332119):     Slack       End Point TNS Clock 
    Info (332119): ========= =================== =====================
    Info (332119):    -3.000            -142.778 clk 
    Info (332119):    -1.487             -35.688 fast_clk 
Info: Analyzing Fast 1200mV 0C Model
Info (332123): Deriving Clock Uncertainty. Please refer to report_sdc in the Timing Analyzer to see clock uncertainties.
Critical Warning (332148): Timing requirements not met
    Info (11105): For recommendations on closing timing, run Report Timing Closure Recommendations in the Timing Analyzer.
Info (332146): Worst-case setup slack is -1.013
    Info (332119):     Slack       End Point TNS Clock 
    Info (332119): ========= =================== =====================
    Info (332119):    -1.013             -38.682 clk 
    Info (332119):    -0.764              -7.119 fast_clk 
Info (332146): Worst-case hold slack is 0.177
    Info (332119):     Slack       End Point TNS Clock 
    Info (332119): ========= =================== =====================
    Info (332119):     0.177               0.000 clk 
    Info (332119):     0.186               0.000 fast_clk 
Info (332140): No Recovery paths to report
Info (332140): No Removal paths to report
Info (332146): Worst-case minimum pulse width slack is -3.000
    Info (332119):     Slack       End Point TNS Clock 
    Info (332119): ========= =================== =====================
    Info (332119):    -3.000            -125.866 clk 
    Info (332119):    -1.000             -24.000 fast_clk 
Info (332102): Design is not fully constrained for setup requirements
Info (332102): Design is not fully constrained for hold requirements
Info: Quartus Prime Timing Analyzer was successful. 0 errors, 5 warnings
    Info: Peak virtual memory: 4938 megabytes
    Info: Processing ended: Fri Aug 22 03:33:13 2025
    Info: Elapsed time: 00:00:02
    Info: Total CPU time (on all processors): 00:00:02


